// Golden wire fixtures captured from the predecessor kernel-local UAPI crate at
// kernel revision b7a5c052fa803716adb5c6d9b56d9a8945602170 (E0 freeze of the
// downstream extraction). Do not hand-edit byte values; regeneration requires
// the E0 differential harness.

use super::*;
use super::aarch64::*;
use core::mem::{align_of, offset_of, size_of};

// ======================================================================
// Shared builders and fuzz-corpus digest (emitted verbatim from the
// generator so this crate re-runs the exact construction that produced the
// captured bytes).
// ======================================================================

// Shared builders and the deterministic fuzz-corpus digest. This exact text is
// compiled into the generator (via `include!`) and emitted verbatim into
// `golden.rs` (via `include_str!`), so the values captured as byte fixtures are
// guaranteed to be produced by the same construction this crate will re-run.
//
// Every item here relies on the enclosing module's `use` of the foreign and
// aarch64 items; it deliberately contains no `use` of its own so it drops
// cleanly into a module that imports them via `super::*` / `super::aarch64::*`.

/// A state snapshot with a distinct byte pattern in every field, so any offset
/// shift in the wire layout perturbs at least one fixture byte.
fn patterned_state() -> Aarch64StateV1 {
    let mut state = Aarch64StateV1::default();
    let mut i = 0;
    while i < state.x.len() {
        state.x[i] = 0x2000_0000_0000_0000u64
            .wrapping_add((i as u64) << 40)
            .wrapping_add((i as u64) << 8)
            .wrapping_add(i as u64);
        i += 1;
    }
    state.sp = 0x0011_2233_4455_6670;
    state.pc = 0x0a0b_0c0d_0e0f_1010;
    state.pstate = 0x3132_3334_3536_3738;
    state.tpidr_el0 = 0x4142_4344_4546_4748;
    state.tpidrro_el0 = 0x5152_5354_5556_5758;
    let mut v = 0;
    while v < state.vectors.len() {
        state.vectors[v].low = 0x6000_0000_0000_0000u64
            .wrapping_add((v as u64) << 32)
            .wrapping_add(v as u64);
        state.vectors[v].high = 0x7000_0000_0000_0000u64
            .wrapping_add((v as u64) << 32)
            .wrapping_add(v as u64);
        v += 1;
    }
    state.fpcr = 0x8182_8384;
    state.fpsr = 0x9192_9394;
    state.exception.kind = 0xa1a2_a3a4;
    state.exception.flags = 0xb1b2_b3b4;
    state.exception.esr = 0xc1c2_c3c4_c5c6_c7c8;
    state.exception.far = 0xd1d2_d3d4_d5d6_d7d8;
    state.exception.pc = 0xe1e2_e3e4_e5e6_e7e8;
    state
}

fn v1_supervisor_exit() -> ForeignMessageV1 {
    ForeignMessageV1::new_exit(
        ExitReason::SupervisorCall,
        0x1122_3344_5566_7788,
        0x99aa_bbcc_ddee_ff00,
        0x0102_0304_0506_0708,
        patterned_state(),
    )
    .expect("supervisor-call is a valid V1 exit")
}

fn v1_exception_exit() -> ForeignMessageV1 {
    ForeignMessageV1::new_exit(
        ExitReason::Exception,
        0x2233_4455_6677_8899,
        0xaabb_ccdd_eeff_0011,
        0x1112_1314_1516_1718,
        patterned_state(),
    )
    .expect("exceptions are valid V1 exits")
}

fn v1_task_death_exit() -> ForeignMessageV1 {
    ForeignMessageV1::new_exit(
        ExitReason::TaskDeath,
        0x3344_5566_7788_99aa,
        0xbbcc_ddee_ff00_1122,
        0x2122_2324_2526_2728,
        patterned_state(),
    )
    .expect("task-death is a valid V1 exit")
}

fn v2_kick_exit(origin: KickOrigin) -> ForeignMessageV1 {
    ForeignMessageV1::new_kick_exit(
        0x4455_6677_8899_aabb,
        0xccdd_eeff_0011_2233,
        0x3132_3334_3536_3738,
        patterned_state(),
        origin,
    )
}

fn v3_wait_complete_exit(outcome: WaitOutcome) -> ForeignMessageV1 {
    ForeignMessageV1::new_wait_complete_exit(
        0x5566_7788_99aa_bbcc,
        0xddee_ff00_1122_3344,
        0x4142_4344_4546_4748,
        patterned_state(),
        outcome,
    )
}

fn v4_wait_complete_exit() -> ForeignMessageV1 {
    ForeignMessageV1::new_wait_complete_exit_for_version(
        FOREIGN_VERSION_V4,
        0x6677_8899_aabb_ccdd,
        0xeeff_0011_2233_4455,
        0x5152_5354_5556_5758,
        patterned_state(),
        WaitOutcome::Woken,
    )
    .expect("V4 retains atomic-wait completions")
}

fn v4_kick_exit() -> ForeignMessageV1 {
    ForeignMessageV1::new_kick_exit_for_version(
        FOREIGN_VERSION_V4,
        0x7788_99aa_bbcc_ddee,
        0xff00_1122_3344_5566,
        0x6162_6364_6566_6768,
        patterned_state(),
        KickOrigin::Exception,
    )
    .expect("V4 retains lifecycle kicks")
}

/// A resume reply carrying a patterned state, built from a V1 supervisor exit
/// bound to domain `0x1122_3344_5566_7788`.
fn resume_reply() -> ForeignMessageV1 {
    v1_supervisor_exit().to_resume_reply(|state| {
        *state = patterned_state();
        state.x[0] = 0x0f1e_2d3c_4b5a_6978;
        state.x[30] = 0x8796_a5b4_c3d2_e1f0;
        state.pc = 0x0000_0000_0000_4004;
        state.sp = 0x0000_0000_0000_8000;
    })
}

fn terminate_reply() -> ForeignMessageV1 {
    v1_supervisor_exit().to_terminate_reply()
}

fn wait_park_no_timeout() -> ForeignWaitU32RequestV1 {
    ForeignWaitU32RequestV1::park(0x1122_3344_5566_7788, 0x0000_0000_0000_4000, 0xfeed_beef, None)
}

fn wait_park_timeout() -> ForeignWaitU32RequestV1 {
    ForeignWaitU32RequestV1::park(
        0x99aa_bbcc_ddee_ff00,
        0x0000_0000_dead_0000,
        0x0bad_f00d,
        Some(0x0102_0304_0506_0708),
    )
}

fn wait_wake() -> ForeignWaitU32RequestV1 {
    ForeignWaitU32RequestV1::wake(0x0000_0000_cafe_0000, 0x1234_5678)
}

fn wait_requeue() -> ForeignWaitU32RequestV1 {
    ForeignWaitU32RequestV1::requeue(0x0000_0000_1111_0000, 0x0000_0007, 0x0000_0000_2222_0000, 0x0000_0009)
}

fn wait_interrupt() -> ForeignWaitU32RequestV1 {
    ForeignWaitU32RequestV1::interrupt(0xaabb_ccdd_eeff_0011)
}

/// Read the first tail word (`reserved[0]`) directly from the encoded record.
/// The `KICK_ORIGIN_*` / `WAIT_OUTCOME_*` wire constants are private, so their
/// values can only be probed through the public encode path.
fn reserved0_on_wire(message: &ForeignMessageV1) -> u64 {
    let b = message.to_wire_bytes();
    u64::from_le_bytes([b[944], b[945], b[946], b[947], b[948], b[949], b[950], b[951]])
}

/// Read the encoded wait-operation discriminant (`WAIT_OPERATION_*`, private).
fn operation_on_wire(request: &ForeignWaitU32RequestV1) -> u16 {
    let b = request.to_wire_bytes();
    u16::from_le_bytes([b[6], b[7]])
}

/// SplitMix64: copied verbatim from the deterministic wire-fuzz test so the
/// frozen corpus is bit-identical. Do not modernize.
fn next_fuzz_word(seed: &mut u64) -> u64 {
    *seed = seed.wrapping_add(0x9e37_79b9_7f4a_7c15);
    let mut value = *seed;
    value = (value ^ (value >> 30)).wrapping_mul(0xbf58_476d_1ce4_e5b9);
    value = (value ^ (value >> 27)).wrapping_mul(0x94d0_49bb_1331_11eb);
    value ^ (value >> 31)
}

/// FNV-1a 64-bit, folding each byte in turn. Bundled so the digest is
/// self-contained in the fixture module.
fn fnv1a_update(hash: &mut u64, bytes: &[u8]) {
    let mut i = 0;
    while i < bytes.len() {
        *hash ^= bytes[i] as u64;
        *hash = hash.wrapping_mul(0x0000_0100_0000_01b3);
        i += 1;
    }
}

const FNV1A_OFFSET_BASIS: u64 = 0xcbf2_9ce4_8422_2325;

fn foreign_error_tag(error: ForeignError) -> u8 {
    match error {
        ForeignError::BadMagic => 1,
        ForeignError::UnsupportedVersion => 2,
        ForeignError::WrongArchitecture => 3,
        ForeignError::WrongSize => 4,
        ForeignError::UnknownCode => 5,
        ForeignError::NonzeroFlags => 6,
        ForeignError::NonzeroReserved => 7,
        ForeignError::WrongDomain => 8,
        ForeignError::WrongWireSize => 9,
        ForeignError::WrongProtocolVersion => 10,
        ForeignError::InvalidKickOrigin => 11,
        ForeignError::InvalidWaitOutcome => 12,
        ForeignError::WrongWaitRequestMagic => 13,
        ForeignError::WrongWaitRequestSize => 14,
        ForeignError::InvalidWaitRequest => 15,
    }
}

fn exit_reason_tag(reason: ExitReason) -> u8 {
    match reason {
        ExitReason::SupervisorCall => 1,
        ExitReason::Exception => 2,
        ExitReason::TaskDeath => 3,
        ExitReason::Kick => 4,
        ExitReason::WaitComplete => 5,
    }
}

fn reply_kind_tag(kind: ReplyKind) -> u8 {
    match kind {
        ReplyKind::Resume => 1,
        ReplyKind::Terminate => 2,
    }
}

fn wait_operation_tag(operation: WaitOperation) -> u8 {
    match operation {
        WaitOperation::Park => 1,
        WaitOperation::Wake => 2,
        WaitOperation::Requeue => 3,
        WaitOperation::Interrupt => 4,
    }
}

/// Replay the exact frozen fuzz corpus (two loops of 16384 cases, one shared
/// SplitMix64 stream seeded with `0x4c4f_4c4f_4d38_4655`) and fold an FNV-1a
/// digest over each input buffer, its decode/classify outcome tags, and the
/// re-encoded bytes. Adding the hashing consumes no RNG words, so the corpus is
/// byte-identical to the original test.
fn compute_fuzz_corpus_digest() -> u64 {
    const CASES: usize = 16_384;
    let mut hash: u64 = FNV1A_OFFSET_BASIS;
    let mut seed = 0x4c4f_4c4f_4d38_4655_u64;
    let stopped = Aarch64StateV1::default();

    for _ in 0..CASES {
        let mut bytes = ForeignMessageV1::new_exit_for_version(
            FOREIGN_VERSION_V4,
            ExitReason::SupervisorCall,
            7,
            11,
            13,
            stopped,
        )
        .expect("V4 supervisor-call frame is valid")
        .to_wire_bytes();
        let mutations = usize::try_from(next_fuzz_word(&mut seed) % 8 + 1)
            .expect("small mutation count fits usize");
        for _ in 0..mutations {
            let index = usize::try_from(
                next_fuzz_word(&mut seed) % FOREIGN_MESSAGE_V1_WIRE_SIZE as u64,
            )
            .expect("wire index fits usize");
            bytes[index] ^= next_fuzz_word(&mut seed) as u8;
        }

        fnv1a_update(&mut hash, &bytes);
        let decoded = ForeignMessageV1::from_wire_bytes(&bytes)
            .expect("an exact-width record must always decode losslessly");
        fnv1a_update(&mut hash, &decoded.to_wire_bytes());
        let exit_tag = match decoded.exit_reason() {
            Ok(reason) => exit_reason_tag(reason),
            Err(error) => 0x80 | foreign_error_tag(error),
        };
        let reply_tag = match decoded
            .validate_reply_for_version(decoded.domain_id, FOREIGN_VERSION_V4)
        {
            Ok(kind) => reply_kind_tag(kind),
            Err(error) => 0x80 | foreign_error_tag(error),
        };
        fnv1a_update(&mut hash, &[0xd1, exit_tag, reply_tag]);
    }

    for _ in 0..CASES {
        let mut bytes = [0_u8; FOREIGN_WAIT_U32_REQUEST_V1_WIRE_SIZE];
        for byte in &mut bytes {
            *byte = next_fuzz_word(&mut seed) as u8;
        }
        let length = usize::try_from(
            next_fuzz_word(&mut seed) % (FOREIGN_WAIT_U32_REQUEST_V1_WIRE_SIZE as u64 + 2),
        )
        .expect("fuzz length fits usize");
        let input = if length <= bytes.len() {
            &bytes[..length]
        } else {
            &bytes[..]
        };

        fnv1a_update(&mut hash, input);
        let outcome_tag = match ForeignWaitU32RequestV1::from_wire_bytes(input) {
            Ok(request) => {
                fnv1a_update(&mut hash, &request.to_wire_bytes());
                wait_operation_tag(request.operation)
            }
            Err(error) => 0x80 | foreign_error_tag(error),
        };
        fnv1a_update(&mut hash, &[0xd2, length as u8, outcome_tag]);
    }

    hash
}

// ======================================================================
// Encode-to-bytes golden vectors (captured [u8; 976] / [u8; 64] arrays).
// ======================================================================

const GOLDEN_V1_SUPERVISOR_EXIT: [u8; 976] = [
    0x4c, 0x46, 0x4f, 0x52, 0x01, 0x00, 0x01, 0x00, 0xd0, 0x03, 0x00, 0x00, 0x01, 0x00, 0x00, 0x00, 
    0x88, 0x77, 0x66, 0x55, 0x44, 0x33, 0x22, 0x11, 0x00, 0xff, 0xee, 0xdd, 0xcc, 0xbb, 0xaa, 0x99, 
    0x08, 0x07, 0x06, 0x05, 0x04, 0x03, 0x02, 0x01, 0x00, 0x00, 0x00, 0x00, 0x00, 0x00, 0x00, 0x00, 
    0x4c, 0x4f, 0x4c, 0x4f, 0x01, 0x00, 0x01, 0x00, 0x80, 0x03, 0x00, 0x00, 0x00, 0x00, 0x00, 0x00, 
    0x00, 0x00, 0x00, 0x00, 0x00, 0x00, 0x00, 0x20, 0x01, 0x01, 0x00, 0x00, 0x00, 0x01, 0x00, 0x20, 
    0x02, 0x02, 0x00, 0x00, 0x00, 0x02, 0x00, 0x20, 0x03, 0x03, 0x00, 0x00, 0x00, 0x03, 0x00, 0x20, 
    0x04, 0x04, 0x00, 0x00, 0x00, 0x04, 0x00, 0x20, 0x05, 0x05, 0x00, 0x00, 0x00, 0x05, 0x00, 0x20, 
    0x06, 0x06, 0x00, 0x00, 0x00, 0x06, 0x00, 0x20, 0x07, 0x07, 0x00, 0x00, 0x00, 0x07, 0x00, 0x20, 
    0x08, 0x08, 0x00, 0x00, 0x00, 0x08, 0x00, 0x20, 0x09, 0x09, 0x00, 0x00, 0x00, 0x09, 0x00, 0x20, 
    0x0a, 0x0a, 0x00, 0x00, 0x00, 0x0a, 0x00, 0x20, 0x0b, 0x0b, 0x00, 0x00, 0x00, 0x0b, 0x00, 0x20, 
    0x0c, 0x0c, 0x00, 0x00, 0x00, 0x0c, 0x00, 0x20, 0x0d, 0x0d, 0x00, 0x00, 0x00, 0x0d, 0x00, 0x20, 
    0x0e, 0x0e, 0x00, 0x00, 0x00, 0x0e, 0x00, 0x20, 0x0f, 0x0f, 0x00, 0x00, 0x00, 0x0f, 0x00, 0x20, 
    0x10, 0x10, 0x00, 0x00, 0x00, 0x10, 0x00, 0x20, 0x11, 0x11, 0x00, 0x00, 0x00, 0x11, 0x00, 0x20, 
    0x12, 0x12, 0x00, 0x00, 0x00, 0x12, 0x00, 0x20, 0x13, 0x13, 0x00, 0x00, 0x00, 0x13, 0x00, 0x20, 
    0x14, 0x14, 0x00, 0x00, 0x00, 0x14, 0x00, 0x20, 0x15, 0x15, 0x00, 0x00, 0x00, 0x15, 0x00, 0x20, 
    0x16, 0x16, 0x00, 0x00, 0x00, 0x16, 0x00, 0x20, 0x17, 0x17, 0x00, 0x00, 0x00, 0x17, 0x00, 0x20, 
    0x18, 0x18, 0x00, 0x00, 0x00, 0x18, 0x00, 0x20, 0x19, 0x19, 0x00, 0x00, 0x00, 0x19, 0x00, 0x20, 
    0x1a, 0x1a, 0x00, 0x00, 0x00, 0x1a, 0x00, 0x20, 0x1b, 0x1b, 0x00, 0x00, 0x00, 0x1b, 0x00, 0x20, 
    0x1c, 0x1c, 0x00, 0x00, 0x00, 0x1c, 0x00, 0x20, 0x1d, 0x1d, 0x00, 0x00, 0x00, 0x1d, 0x00, 0x20, 
    0x1e, 0x1e, 0x00, 0x00, 0x00, 0x1e, 0x00, 0x20, 0x70, 0x66, 0x55, 0x44, 0x33, 0x22, 0x11, 0x00, 
    0x10, 0x10, 0x0f, 0x0e, 0x0d, 0x0c, 0x0b, 0x0a, 0x38, 0x37, 0x36, 0x35, 0x34, 0x33, 0x32, 0x31, 
    0x48, 0x47, 0x46, 0x45, 0x44, 0x43, 0x42, 0x41, 0x58, 0x57, 0x56, 0x55, 0x54, 0x53, 0x52, 0x51, 
    0x00, 0x00, 0x00, 0x00, 0x00, 0x00, 0x00, 0x60, 0x00, 0x00, 0x00, 0x00, 0x00, 0x00, 0x00, 0x70, 
    0x01, 0x00, 0x00, 0x00, 0x01, 0x00, 0x00, 0x60, 0x01, 0x00, 0x00, 0x00, 0x01, 0x00, 0x00, 0x70, 
    0x02, 0x00, 0x00, 0x00, 0x02, 0x00, 0x00, 0x60, 0x02, 0x00, 0x00, 0x00, 0x02, 0x00, 0x00, 0x70, 
    0x03, 0x00, 0x00, 0x00, 0x03, 0x00, 0x00, 0x60, 0x03, 0x00, 0x00, 0x00, 0x03, 0x00, 0x00, 0x70, 
    0x04, 0x00, 0x00, 0x00, 0x04, 0x00, 0x00, 0x60, 0x04, 0x00, 0x00, 0x00, 0x04, 0x00, 0x00, 0x70, 
    0x05, 0x00, 0x00, 0x00, 0x05, 0x00, 0x00, 0x60, 0x05, 0x00, 0x00, 0x00, 0x05, 0x00, 0x00, 0x70, 
    0x06, 0x00, 0x00, 0x00, 0x06, 0x00, 0x00, 0x60, 0x06, 0x00, 0x00, 0x00, 0x06, 0x00, 0x00, 0x70, 
    0x07, 0x00, 0x00, 0x00, 0x07, 0x00, 0x00, 0x60, 0x07, 0x00, 0x00, 0x00, 0x07, 0x00, 0x00, 0x70, 
    0x08, 0x00, 0x00, 0x00, 0x08, 0x00, 0x00, 0x60, 0x08, 0x00, 0x00, 0x00, 0x08, 0x00, 0x00, 0x70, 
    0x09, 0x00, 0x00, 0x00, 0x09, 0x00, 0x00, 0x60, 0x09, 0x00, 0x00, 0x00, 0x09, 0x00, 0x00, 0x70, 
    0x0a, 0x00, 0x00, 0x00, 0x0a, 0x00, 0x00, 0x60, 0x0a, 0x00, 0x00, 0x00, 0x0a, 0x00, 0x00, 0x70, 
    0x0b, 0x00, 0x00, 0x00, 0x0b, 0x00, 0x00, 0x60, 0x0b, 0x00, 0x00, 0x00, 0x0b, 0x00, 0x00, 0x70, 
    0x0c, 0x00, 0x00, 0x00, 0x0c, 0x00, 0x00, 0x60, 0x0c, 0x00, 0x00, 0x00, 0x0c, 0x00, 0x00, 0x70, 
    0x0d, 0x00, 0x00, 0x00, 0x0d, 0x00, 0x00, 0x60, 0x0d, 0x00, 0x00, 0x00, 0x0d, 0x00, 0x00, 0x70, 
    0x0e, 0x00, 0x00, 0x00, 0x0e, 0x00, 0x00, 0x60, 0x0e, 0x00, 0x00, 0x00, 0x0e, 0x00, 0x00, 0x70, 
    0x0f, 0x00, 0x00, 0x00, 0x0f, 0x00, 0x00, 0x60, 0x0f, 0x00, 0x00, 0x00, 0x0f, 0x00, 0x00, 0x70, 
    0x10, 0x00, 0x00, 0x00, 0x10, 0x00, 0x00, 0x60, 0x10, 0x00, 0x00, 0x00, 0x10, 0x00, 0x00, 0x70, 
    0x11, 0x00, 0x00, 0x00, 0x11, 0x00, 0x00, 0x60, 0x11, 0x00, 0x00, 0x00, 0x11, 0x00, 0x00, 0x70, 
    0x12, 0x00, 0x00, 0x00, 0x12, 0x00, 0x00, 0x60, 0x12, 0x00, 0x00, 0x00, 0x12, 0x00, 0x00, 0x70, 
    0x13, 0x00, 0x00, 0x00, 0x13, 0x00, 0x00, 0x60, 0x13, 0x00, 0x00, 0x00, 0x13, 0x00, 0x00, 0x70, 
    0x14, 0x00, 0x00, 0x00, 0x14, 0x00, 0x00, 0x60, 0x14, 0x00, 0x00, 0x00, 0x14, 0x00, 0x00, 0x70, 
    0x15, 0x00, 0x00, 0x00, 0x15, 0x00, 0x00, 0x60, 0x15, 0x00, 0x00, 0x00, 0x15, 0x00, 0x00, 0x70, 
    0x16, 0x00, 0x00, 0x00, 0x16, 0x00, 0x00, 0x60, 0x16, 0x00, 0x00, 0x00, 0x16, 0x00, 0x00, 0x70, 
    0x17, 0x00, 0x00, 0x00, 0x17, 0x00, 0x00, 0x60, 0x17, 0x00, 0x00, 0x00, 0x17, 0x00, 0x00, 0x70, 
    0x18, 0x00, 0x00, 0x00, 0x18, 0x00, 0x00, 0x60, 0x18, 0x00, 0x00, 0x00, 0x18, 0x00, 0x00, 0x70, 
    0x19, 0x00, 0x00, 0x00, 0x19, 0x00, 0x00, 0x60, 0x19, 0x00, 0x00, 0x00, 0x19, 0x00, 0x00, 0x70, 
    0x1a, 0x00, 0x00, 0x00, 0x1a, 0x00, 0x00, 0x60, 0x1a, 0x00, 0x00, 0x00, 0x1a, 0x00, 0x00, 0x70, 
    0x1b, 0x00, 0x00, 0x00, 0x1b, 0x00, 0x00, 0x60, 0x1b, 0x00, 0x00, 0x00, 0x1b, 0x00, 0x00, 0x70, 
    0x1c, 0x00, 0x00, 0x00, 0x1c, 0x00, 0x00, 0x60, 0x1c, 0x00, 0x00, 0x00, 0x1c, 0x00, 0x00, 0x70, 
    0x1d, 0x00, 0x00, 0x00, 0x1d, 0x00, 0x00, 0x60, 0x1d, 0x00, 0x00, 0x00, 0x1d, 0x00, 0x00, 0x70, 
    0x1e, 0x00, 0x00, 0x00, 0x1e, 0x00, 0x00, 0x60, 0x1e, 0x00, 0x00, 0x00, 0x1e, 0x00, 0x00, 0x70, 
    0x1f, 0x00, 0x00, 0x00, 0x1f, 0x00, 0x00, 0x60, 0x1f, 0x00, 0x00, 0x00, 0x1f, 0x00, 0x00, 0x70, 
    0x84, 0x83, 0x82, 0x81, 0x94, 0x93, 0x92, 0x91, 0xa4, 0xa3, 0xa2, 0xa1, 0xb4, 0xb3, 0xb2, 0xb1, 
    0xc8, 0xc7, 0xc6, 0xc5, 0xc4, 0xc3, 0xc2, 0xc1, 0xd8, 0xd7, 0xd6, 0xd5, 0xd4, 0xd3, 0xd2, 0xd1, 
    0xe8, 0xe7, 0xe6, 0xe5, 0xe4, 0xe3, 0xe2, 0xe1, 0x00, 0x00, 0x00, 0x00, 0x00, 0x00, 0x00, 0x00, 
    0x00, 0x00, 0x00, 0x00, 0x00, 0x00, 0x00, 0x00, 0x00, 0x00, 0x00, 0x00, 0x00, 0x00, 0x00, 0x00, 
    0x00, 0x00, 0x00, 0x00, 0x00, 0x00, 0x00, 0x00, 0x00, 0x00, 0x00, 0x00, 0x00, 0x00, 0x00, 0x00, 
    0x00, 0x00, 0x00, 0x00, 0x00, 0x00, 0x00, 0x00, 0x00, 0x00, 0x00, 0x00, 0x00, 0x00, 0x00, 0x00, 
    0x00, 0x00, 0x00, 0x00, 0x00, 0x00, 0x00, 0x00, 0x00, 0x00, 0x00, 0x00, 0x00, 0x00, 0x00, 0x00, 
];

const GOLDEN_V1_EXCEPTION_EXIT: [u8; 976] = [
    0x4c, 0x46, 0x4f, 0x52, 0x01, 0x00, 0x01, 0x00, 0xd0, 0x03, 0x00, 0x00, 0x02, 0x00, 0x00, 0x00, 
    0x99, 0x88, 0x77, 0x66, 0x55, 0x44, 0x33, 0x22, 0x11, 0x00, 0xff, 0xee, 0xdd, 0xcc, 0xbb, 0xaa, 
    0x18, 0x17, 0x16, 0x15, 0x14, 0x13, 0x12, 0x11, 0x00, 0x00, 0x00, 0x00, 0x00, 0x00, 0x00, 0x00, 
    0x4c, 0x4f, 0x4c, 0x4f, 0x01, 0x00, 0x01, 0x00, 0x80, 0x03, 0x00, 0x00, 0x00, 0x00, 0x00, 0x00, 
    0x00, 0x00, 0x00, 0x00, 0x00, 0x00, 0x00, 0x20, 0x01, 0x01, 0x00, 0x00, 0x00, 0x01, 0x00, 0x20, 
    0x02, 0x02, 0x00, 0x00, 0x00, 0x02, 0x00, 0x20, 0x03, 0x03, 0x00, 0x00, 0x00, 0x03, 0x00, 0x20, 
    0x04, 0x04, 0x00, 0x00, 0x00, 0x04, 0x00, 0x20, 0x05, 0x05, 0x00, 0x00, 0x00, 0x05, 0x00, 0x20, 
    0x06, 0x06, 0x00, 0x00, 0x00, 0x06, 0x00, 0x20, 0x07, 0x07, 0x00, 0x00, 0x00, 0x07, 0x00, 0x20, 
    0x08, 0x08, 0x00, 0x00, 0x00, 0x08, 0x00, 0x20, 0x09, 0x09, 0x00, 0x00, 0x00, 0x09, 0x00, 0x20, 
    0x0a, 0x0a, 0x00, 0x00, 0x00, 0x0a, 0x00, 0x20, 0x0b, 0x0b, 0x00, 0x00, 0x00, 0x0b, 0x00, 0x20, 
    0x0c, 0x0c, 0x00, 0x00, 0x00, 0x0c, 0x00, 0x20, 0x0d, 0x0d, 0x00, 0x00, 0x00, 0x0d, 0x00, 0x20, 
    0x0e, 0x0e, 0x00, 0x00, 0x00, 0x0e, 0x00, 0x20, 0x0f, 0x0f, 0x00, 0x00, 0x00, 0x0f, 0x00, 0x20, 
    0x10, 0x10, 0x00, 0x00, 0x00, 0x10, 0x00, 0x20, 0x11, 0x11, 0x00, 0x00, 0x00, 0x11, 0x00, 0x20, 
    0x12, 0x12, 0x00, 0x00, 0x00, 0x12, 0x00, 0x20, 0x13, 0x13, 0x00, 0x00, 0x00, 0x13, 0x00, 0x20, 
    0x14, 0x14, 0x00, 0x00, 0x00, 0x14, 0x00, 0x20, 0x15, 0x15, 0x00, 0x00, 0x00, 0x15, 0x00, 0x20, 
    0x16, 0x16, 0x00, 0x00, 0x00, 0x16, 0x00, 0x20, 0x17, 0x17, 0x00, 0x00, 0x00, 0x17, 0x00, 0x20, 
    0x18, 0x18, 0x00, 0x00, 0x00, 0x18, 0x00, 0x20, 0x19, 0x19, 0x00, 0x00, 0x00, 0x19, 0x00, 0x20, 
    0x1a, 0x1a, 0x00, 0x00, 0x00, 0x1a, 0x00, 0x20, 0x1b, 0x1b, 0x00, 0x00, 0x00, 0x1b, 0x00, 0x20, 
    0x1c, 0x1c, 0x00, 0x00, 0x00, 0x1c, 0x00, 0x20, 0x1d, 0x1d, 0x00, 0x00, 0x00, 0x1d, 0x00, 0x20, 
    0x1e, 0x1e, 0x00, 0x00, 0x00, 0x1e, 0x00, 0x20, 0x70, 0x66, 0x55, 0x44, 0x33, 0x22, 0x11, 0x00, 
    0x10, 0x10, 0x0f, 0x0e, 0x0d, 0x0c, 0x0b, 0x0a, 0x38, 0x37, 0x36, 0x35, 0x34, 0x33, 0x32, 0x31, 
    0x48, 0x47, 0x46, 0x45, 0x44, 0x43, 0x42, 0x41, 0x58, 0x57, 0x56, 0x55, 0x54, 0x53, 0x52, 0x51, 
    0x00, 0x00, 0x00, 0x00, 0x00, 0x00, 0x00, 0x60, 0x00, 0x00, 0x00, 0x00, 0x00, 0x00, 0x00, 0x70, 
    0x01, 0x00, 0x00, 0x00, 0x01, 0x00, 0x00, 0x60, 0x01, 0x00, 0x00, 0x00, 0x01, 0x00, 0x00, 0x70, 
    0x02, 0x00, 0x00, 0x00, 0x02, 0x00, 0x00, 0x60, 0x02, 0x00, 0x00, 0x00, 0x02, 0x00, 0x00, 0x70, 
    0x03, 0x00, 0x00, 0x00, 0x03, 0x00, 0x00, 0x60, 0x03, 0x00, 0x00, 0x00, 0x03, 0x00, 0x00, 0x70, 
    0x04, 0x00, 0x00, 0x00, 0x04, 0x00, 0x00, 0x60, 0x04, 0x00, 0x00, 0x00, 0x04, 0x00, 0x00, 0x70, 
    0x05, 0x00, 0x00, 0x00, 0x05, 0x00, 0x00, 0x60, 0x05, 0x00, 0x00, 0x00, 0x05, 0x00, 0x00, 0x70, 
    0x06, 0x00, 0x00, 0x00, 0x06, 0x00, 0x00, 0x60, 0x06, 0x00, 0x00, 0x00, 0x06, 0x00, 0x00, 0x70, 
    0x07, 0x00, 0x00, 0x00, 0x07, 0x00, 0x00, 0x60, 0x07, 0x00, 0x00, 0x00, 0x07, 0x00, 0x00, 0x70, 
    0x08, 0x00, 0x00, 0x00, 0x08, 0x00, 0x00, 0x60, 0x08, 0x00, 0x00, 0x00, 0x08, 0x00, 0x00, 0x70, 
    0x09, 0x00, 0x00, 0x00, 0x09, 0x00, 0x00, 0x60, 0x09, 0x00, 0x00, 0x00, 0x09, 0x00, 0x00, 0x70, 
    0x0a, 0x00, 0x00, 0x00, 0x0a, 0x00, 0x00, 0x60, 0x0a, 0x00, 0x00, 0x00, 0x0a, 0x00, 0x00, 0x70, 
    0x0b, 0x00, 0x00, 0x00, 0x0b, 0x00, 0x00, 0x60, 0x0b, 0x00, 0x00, 0x00, 0x0b, 0x00, 0x00, 0x70, 
    0x0c, 0x00, 0x00, 0x00, 0x0c, 0x00, 0x00, 0x60, 0x0c, 0x00, 0x00, 0x00, 0x0c, 0x00, 0x00, 0x70, 
    0x0d, 0x00, 0x00, 0x00, 0x0d, 0x00, 0x00, 0x60, 0x0d, 0x00, 0x00, 0x00, 0x0d, 0x00, 0x00, 0x70, 
    0x0e, 0x00, 0x00, 0x00, 0x0e, 0x00, 0x00, 0x60, 0x0e, 0x00, 0x00, 0x00, 0x0e, 0x00, 0x00, 0x70, 
    0x0f, 0x00, 0x00, 0x00, 0x0f, 0x00, 0x00, 0x60, 0x0f, 0x00, 0x00, 0x00, 0x0f, 0x00, 0x00, 0x70, 
    0x10, 0x00, 0x00, 0x00, 0x10, 0x00, 0x00, 0x60, 0x10, 0x00, 0x00, 0x00, 0x10, 0x00, 0x00, 0x70, 
    0x11, 0x00, 0x00, 0x00, 0x11, 0x00, 0x00, 0x60, 0x11, 0x00, 0x00, 0x00, 0x11, 0x00, 0x00, 0x70, 
    0x12, 0x00, 0x00, 0x00, 0x12, 0x00, 0x00, 0x60, 0x12, 0x00, 0x00, 0x00, 0x12, 0x00, 0x00, 0x70, 
    0x13, 0x00, 0x00, 0x00, 0x13, 0x00, 0x00, 0x60, 0x13, 0x00, 0x00, 0x00, 0x13, 0x00, 0x00, 0x70, 
    0x14, 0x00, 0x00, 0x00, 0x14, 0x00, 0x00, 0x60, 0x14, 0x00, 0x00, 0x00, 0x14, 0x00, 0x00, 0x70, 
    0x15, 0x00, 0x00, 0x00, 0x15, 0x00, 0x00, 0x60, 0x15, 0x00, 0x00, 0x00, 0x15, 0x00, 0x00, 0x70, 
    0x16, 0x00, 0x00, 0x00, 0x16, 0x00, 0x00, 0x60, 0x16, 0x00, 0x00, 0x00, 0x16, 0x00, 0x00, 0x70, 
    0x17, 0x00, 0x00, 0x00, 0x17, 0x00, 0x00, 0x60, 0x17, 0x00, 0x00, 0x00, 0x17, 0x00, 0x00, 0x70, 
    0x18, 0x00, 0x00, 0x00, 0x18, 0x00, 0x00, 0x60, 0x18, 0x00, 0x00, 0x00, 0x18, 0x00, 0x00, 0x70, 
    0x19, 0x00, 0x00, 0x00, 0x19, 0x00, 0x00, 0x60, 0x19, 0x00, 0x00, 0x00, 0x19, 0x00, 0x00, 0x70, 
    0x1a, 0x00, 0x00, 0x00, 0x1a, 0x00, 0x00, 0x60, 0x1a, 0x00, 0x00, 0x00, 0x1a, 0x00, 0x00, 0x70, 
    0x1b, 0x00, 0x00, 0x00, 0x1b, 0x00, 0x00, 0x60, 0x1b, 0x00, 0x00, 0x00, 0x1b, 0x00, 0x00, 0x70, 
    0x1c, 0x00, 0x00, 0x00, 0x1c, 0x00, 0x00, 0x60, 0x1c, 0x00, 0x00, 0x00, 0x1c, 0x00, 0x00, 0x70, 
    0x1d, 0x00, 0x00, 0x00, 0x1d, 0x00, 0x00, 0x60, 0x1d, 0x00, 0x00, 0x00, 0x1d, 0x00, 0x00, 0x70, 
    0x1e, 0x00, 0x00, 0x00, 0x1e, 0x00, 0x00, 0x60, 0x1e, 0x00, 0x00, 0x00, 0x1e, 0x00, 0x00, 0x70, 
    0x1f, 0x00, 0x00, 0x00, 0x1f, 0x00, 0x00, 0x60, 0x1f, 0x00, 0x00, 0x00, 0x1f, 0x00, 0x00, 0x70, 
    0x84, 0x83, 0x82, 0x81, 0x94, 0x93, 0x92, 0x91, 0xa4, 0xa3, 0xa2, 0xa1, 0xb4, 0xb3, 0xb2, 0xb1, 
    0xc8, 0xc7, 0xc6, 0xc5, 0xc4, 0xc3, 0xc2, 0xc1, 0xd8, 0xd7, 0xd6, 0xd5, 0xd4, 0xd3, 0xd2, 0xd1, 
    0xe8, 0xe7, 0xe6, 0xe5, 0xe4, 0xe3, 0xe2, 0xe1, 0x00, 0x00, 0x00, 0x00, 0x00, 0x00, 0x00, 0x00, 
    0x00, 0x00, 0x00, 0x00, 0x00, 0x00, 0x00, 0x00, 0x00, 0x00, 0x00, 0x00, 0x00, 0x00, 0x00, 0x00, 
    0x00, 0x00, 0x00, 0x00, 0x00, 0x00, 0x00, 0x00, 0x00, 0x00, 0x00, 0x00, 0x00, 0x00, 0x00, 0x00, 
    0x00, 0x00, 0x00, 0x00, 0x00, 0x00, 0x00, 0x00, 0x00, 0x00, 0x00, 0x00, 0x00, 0x00, 0x00, 0x00, 
    0x00, 0x00, 0x00, 0x00, 0x00, 0x00, 0x00, 0x00, 0x00, 0x00, 0x00, 0x00, 0x00, 0x00, 0x00, 0x00, 
];

const GOLDEN_V1_TASK_DEATH_EXIT: [u8; 976] = [
    0x4c, 0x46, 0x4f, 0x52, 0x01, 0x00, 0x01, 0x00, 0xd0, 0x03, 0x00, 0x00, 0x03, 0x00, 0x00, 0x00, 
    0xaa, 0x99, 0x88, 0x77, 0x66, 0x55, 0x44, 0x33, 0x22, 0x11, 0x00, 0xff, 0xee, 0xdd, 0xcc, 0xbb, 
    0x28, 0x27, 0x26, 0x25, 0x24, 0x23, 0x22, 0x21, 0x00, 0x00, 0x00, 0x00, 0x00, 0x00, 0x00, 0x00, 
    0x4c, 0x4f, 0x4c, 0x4f, 0x01, 0x00, 0x01, 0x00, 0x80, 0x03, 0x00, 0x00, 0x00, 0x00, 0x00, 0x00, 
    0x00, 0x00, 0x00, 0x00, 0x00, 0x00, 0x00, 0x20, 0x01, 0x01, 0x00, 0x00, 0x00, 0x01, 0x00, 0x20, 
    0x02, 0x02, 0x00, 0x00, 0x00, 0x02, 0x00, 0x20, 0x03, 0x03, 0x00, 0x00, 0x00, 0x03, 0x00, 0x20, 
    0x04, 0x04, 0x00, 0x00, 0x00, 0x04, 0x00, 0x20, 0x05, 0x05, 0x00, 0x00, 0x00, 0x05, 0x00, 0x20, 
    0x06, 0x06, 0x00, 0x00, 0x00, 0x06, 0x00, 0x20, 0x07, 0x07, 0x00, 0x00, 0x00, 0x07, 0x00, 0x20, 
    0x08, 0x08, 0x00, 0x00, 0x00, 0x08, 0x00, 0x20, 0x09, 0x09, 0x00, 0x00, 0x00, 0x09, 0x00, 0x20, 
    0x0a, 0x0a, 0x00, 0x00, 0x00, 0x0a, 0x00, 0x20, 0x0b, 0x0b, 0x00, 0x00, 0x00, 0x0b, 0x00, 0x20, 
    0x0c, 0x0c, 0x00, 0x00, 0x00, 0x0c, 0x00, 0x20, 0x0d, 0x0d, 0x00, 0x00, 0x00, 0x0d, 0x00, 0x20, 
    0x0e, 0x0e, 0x00, 0x00, 0x00, 0x0e, 0x00, 0x20, 0x0f, 0x0f, 0x00, 0x00, 0x00, 0x0f, 0x00, 0x20, 
    0x10, 0x10, 0x00, 0x00, 0x00, 0x10, 0x00, 0x20, 0x11, 0x11, 0x00, 0x00, 0x00, 0x11, 0x00, 0x20, 
    0x12, 0x12, 0x00, 0x00, 0x00, 0x12, 0x00, 0x20, 0x13, 0x13, 0x00, 0x00, 0x00, 0x13, 0x00, 0x20, 
    0x14, 0x14, 0x00, 0x00, 0x00, 0x14, 0x00, 0x20, 0x15, 0x15, 0x00, 0x00, 0x00, 0x15, 0x00, 0x20, 
    0x16, 0x16, 0x00, 0x00, 0x00, 0x16, 0x00, 0x20, 0x17, 0x17, 0x00, 0x00, 0x00, 0x17, 0x00, 0x20, 
    0x18, 0x18, 0x00, 0x00, 0x00, 0x18, 0x00, 0x20, 0x19, 0x19, 0x00, 0x00, 0x00, 0x19, 0x00, 0x20, 
    0x1a, 0x1a, 0x00, 0x00, 0x00, 0x1a, 0x00, 0x20, 0x1b, 0x1b, 0x00, 0x00, 0x00, 0x1b, 0x00, 0x20, 
    0x1c, 0x1c, 0x00, 0x00, 0x00, 0x1c, 0x00, 0x20, 0x1d, 0x1d, 0x00, 0x00, 0x00, 0x1d, 0x00, 0x20, 
    0x1e, 0x1e, 0x00, 0x00, 0x00, 0x1e, 0x00, 0x20, 0x70, 0x66, 0x55, 0x44, 0x33, 0x22, 0x11, 0x00, 
    0x10, 0x10, 0x0f, 0x0e, 0x0d, 0x0c, 0x0b, 0x0a, 0x38, 0x37, 0x36, 0x35, 0x34, 0x33, 0x32, 0x31, 
    0x48, 0x47, 0x46, 0x45, 0x44, 0x43, 0x42, 0x41, 0x58, 0x57, 0x56, 0x55, 0x54, 0x53, 0x52, 0x51, 
    0x00, 0x00, 0x00, 0x00, 0x00, 0x00, 0x00, 0x60, 0x00, 0x00, 0x00, 0x00, 0x00, 0x00, 0x00, 0x70, 
    0x01, 0x00, 0x00, 0x00, 0x01, 0x00, 0x00, 0x60, 0x01, 0x00, 0x00, 0x00, 0x01, 0x00, 0x00, 0x70, 
    0x02, 0x00, 0x00, 0x00, 0x02, 0x00, 0x00, 0x60, 0x02, 0x00, 0x00, 0x00, 0x02, 0x00, 0x00, 0x70, 
    0x03, 0x00, 0x00, 0x00, 0x03, 0x00, 0x00, 0x60, 0x03, 0x00, 0x00, 0x00, 0x03, 0x00, 0x00, 0x70, 
    0x04, 0x00, 0x00, 0x00, 0x04, 0x00, 0x00, 0x60, 0x04, 0x00, 0x00, 0x00, 0x04, 0x00, 0x00, 0x70, 
    0x05, 0x00, 0x00, 0x00, 0x05, 0x00, 0x00, 0x60, 0x05, 0x00, 0x00, 0x00, 0x05, 0x00, 0x00, 0x70, 
    0x06, 0x00, 0x00, 0x00, 0x06, 0x00, 0x00, 0x60, 0x06, 0x00, 0x00, 0x00, 0x06, 0x00, 0x00, 0x70, 
    0x07, 0x00, 0x00, 0x00, 0x07, 0x00, 0x00, 0x60, 0x07, 0x00, 0x00, 0x00, 0x07, 0x00, 0x00, 0x70, 
    0x08, 0x00, 0x00, 0x00, 0x08, 0x00, 0x00, 0x60, 0x08, 0x00, 0x00, 0x00, 0x08, 0x00, 0x00, 0x70, 
    0x09, 0x00, 0x00, 0x00, 0x09, 0x00, 0x00, 0x60, 0x09, 0x00, 0x00, 0x00, 0x09, 0x00, 0x00, 0x70, 
    0x0a, 0x00, 0x00, 0x00, 0x0a, 0x00, 0x00, 0x60, 0x0a, 0x00, 0x00, 0x00, 0x0a, 0x00, 0x00, 0x70, 
    0x0b, 0x00, 0x00, 0x00, 0x0b, 0x00, 0x00, 0x60, 0x0b, 0x00, 0x00, 0x00, 0x0b, 0x00, 0x00, 0x70, 
    0x0c, 0x00, 0x00, 0x00, 0x0c, 0x00, 0x00, 0x60, 0x0c, 0x00, 0x00, 0x00, 0x0c, 0x00, 0x00, 0x70, 
    0x0d, 0x00, 0x00, 0x00, 0x0d, 0x00, 0x00, 0x60, 0x0d, 0x00, 0x00, 0x00, 0x0d, 0x00, 0x00, 0x70, 
    0x0e, 0x00, 0x00, 0x00, 0x0e, 0x00, 0x00, 0x60, 0x0e, 0x00, 0x00, 0x00, 0x0e, 0x00, 0x00, 0x70, 
    0x0f, 0x00, 0x00, 0x00, 0x0f, 0x00, 0x00, 0x60, 0x0f, 0x00, 0x00, 0x00, 0x0f, 0x00, 0x00, 0x70, 
    0x10, 0x00, 0x00, 0x00, 0x10, 0x00, 0x00, 0x60, 0x10, 0x00, 0x00, 0x00, 0x10, 0x00, 0x00, 0x70, 
    0x11, 0x00, 0x00, 0x00, 0x11, 0x00, 0x00, 0x60, 0x11, 0x00, 0x00, 0x00, 0x11, 0x00, 0x00, 0x70, 
    0x12, 0x00, 0x00, 0x00, 0x12, 0x00, 0x00, 0x60, 0x12, 0x00, 0x00, 0x00, 0x12, 0x00, 0x00, 0x70, 
    0x13, 0x00, 0x00, 0x00, 0x13, 0x00, 0x00, 0x60, 0x13, 0x00, 0x00, 0x00, 0x13, 0x00, 0x00, 0x70, 
    0x14, 0x00, 0x00, 0x00, 0x14, 0x00, 0x00, 0x60, 0x14, 0x00, 0x00, 0x00, 0x14, 0x00, 0x00, 0x70, 
    0x15, 0x00, 0x00, 0x00, 0x15, 0x00, 0x00, 0x60, 0x15, 0x00, 0x00, 0x00, 0x15, 0x00, 0x00, 0x70, 
    0x16, 0x00, 0x00, 0x00, 0x16, 0x00, 0x00, 0x60, 0x16, 0x00, 0x00, 0x00, 0x16, 0x00, 0x00, 0x70, 
    0x17, 0x00, 0x00, 0x00, 0x17, 0x00, 0x00, 0x60, 0x17, 0x00, 0x00, 0x00, 0x17, 0x00, 0x00, 0x70, 
    0x18, 0x00, 0x00, 0x00, 0x18, 0x00, 0x00, 0x60, 0x18, 0x00, 0x00, 0x00, 0x18, 0x00, 0x00, 0x70, 
    0x19, 0x00, 0x00, 0x00, 0x19, 0x00, 0x00, 0x60, 0x19, 0x00, 0x00, 0x00, 0x19, 0x00, 0x00, 0x70, 
    0x1a, 0x00, 0x00, 0x00, 0x1a, 0x00, 0x00, 0x60, 0x1a, 0x00, 0x00, 0x00, 0x1a, 0x00, 0x00, 0x70, 
    0x1b, 0x00, 0x00, 0x00, 0x1b, 0x00, 0x00, 0x60, 0x1b, 0x00, 0x00, 0x00, 0x1b, 0x00, 0x00, 0x70, 
    0x1c, 0x00, 0x00, 0x00, 0x1c, 0x00, 0x00, 0x60, 0x1c, 0x00, 0x00, 0x00, 0x1c, 0x00, 0x00, 0x70, 
    0x1d, 0x00, 0x00, 0x00, 0x1d, 0x00, 0x00, 0x60, 0x1d, 0x00, 0x00, 0x00, 0x1d, 0x00, 0x00, 0x70, 
    0x1e, 0x00, 0x00, 0x00, 0x1e, 0x00, 0x00, 0x60, 0x1e, 0x00, 0x00, 0x00, 0x1e, 0x00, 0x00, 0x70, 
    0x1f, 0x00, 0x00, 0x00, 0x1f, 0x00, 0x00, 0x60, 0x1f, 0x00, 0x00, 0x00, 0x1f, 0x00, 0x00, 0x70, 
    0x84, 0x83, 0x82, 0x81, 0x94, 0x93, 0x92, 0x91, 0xa4, 0xa3, 0xa2, 0xa1, 0xb4, 0xb3, 0xb2, 0xb1, 
    0xc8, 0xc7, 0xc6, 0xc5, 0xc4, 0xc3, 0xc2, 0xc1, 0xd8, 0xd7, 0xd6, 0xd5, 0xd4, 0xd3, 0xd2, 0xd1, 
    0xe8, 0xe7, 0xe6, 0xe5, 0xe4, 0xe3, 0xe2, 0xe1, 0x00, 0x00, 0x00, 0x00, 0x00, 0x00, 0x00, 0x00, 
    0x00, 0x00, 0x00, 0x00, 0x00, 0x00, 0x00, 0x00, 0x00, 0x00, 0x00, 0x00, 0x00, 0x00, 0x00, 0x00, 
    0x00, 0x00, 0x00, 0x00, 0x00, 0x00, 0x00, 0x00, 0x00, 0x00, 0x00, 0x00, 0x00, 0x00, 0x00, 0x00, 
    0x00, 0x00, 0x00, 0x00, 0x00, 0x00, 0x00, 0x00, 0x00, 0x00, 0x00, 0x00, 0x00, 0x00, 0x00, 0x00, 
    0x00, 0x00, 0x00, 0x00, 0x00, 0x00, 0x00, 0x00, 0x00, 0x00, 0x00, 0x00, 0x00, 0x00, 0x00, 0x00, 
];

const GOLDEN_V2_KICK_ASYNCHRONOUS: [u8; 976] = [
    0x4c, 0x46, 0x4f, 0x52, 0x02, 0x00, 0x01, 0x00, 0xd0, 0x03, 0x00, 0x00, 0x04, 0x00, 0x00, 0x00, 
    0xbb, 0xaa, 0x99, 0x88, 0x77, 0x66, 0x55, 0x44, 0x33, 0x22, 0x11, 0x00, 0xff, 0xee, 0xdd, 0xcc, 
    0x38, 0x37, 0x36, 0x35, 0x34, 0x33, 0x32, 0x31, 0x00, 0x00, 0x00, 0x00, 0x00, 0x00, 0x00, 0x00, 
    0x4c, 0x4f, 0x4c, 0x4f, 0x01, 0x00, 0x01, 0x00, 0x80, 0x03, 0x00, 0x00, 0x00, 0x00, 0x00, 0x00, 
    0x00, 0x00, 0x00, 0x00, 0x00, 0x00, 0x00, 0x20, 0x01, 0x01, 0x00, 0x00, 0x00, 0x01, 0x00, 0x20, 
    0x02, 0x02, 0x00, 0x00, 0x00, 0x02, 0x00, 0x20, 0x03, 0x03, 0x00, 0x00, 0x00, 0x03, 0x00, 0x20, 
    0x04, 0x04, 0x00, 0x00, 0x00, 0x04, 0x00, 0x20, 0x05, 0x05, 0x00, 0x00, 0x00, 0x05, 0x00, 0x20, 
    0x06, 0x06, 0x00, 0x00, 0x00, 0x06, 0x00, 0x20, 0x07, 0x07, 0x00, 0x00, 0x00, 0x07, 0x00, 0x20, 
    0x08, 0x08, 0x00, 0x00, 0x00, 0x08, 0x00, 0x20, 0x09, 0x09, 0x00, 0x00, 0x00, 0x09, 0x00, 0x20, 
    0x0a, 0x0a, 0x00, 0x00, 0x00, 0x0a, 0x00, 0x20, 0x0b, 0x0b, 0x00, 0x00, 0x00, 0x0b, 0x00, 0x20, 
    0x0c, 0x0c, 0x00, 0x00, 0x00, 0x0c, 0x00, 0x20, 0x0d, 0x0d, 0x00, 0x00, 0x00, 0x0d, 0x00, 0x20, 
    0x0e, 0x0e, 0x00, 0x00, 0x00, 0x0e, 0x00, 0x20, 0x0f, 0x0f, 0x00, 0x00, 0x00, 0x0f, 0x00, 0x20, 
    0x10, 0x10, 0x00, 0x00, 0x00, 0x10, 0x00, 0x20, 0x11, 0x11, 0x00, 0x00, 0x00, 0x11, 0x00, 0x20, 
    0x12, 0x12, 0x00, 0x00, 0x00, 0x12, 0x00, 0x20, 0x13, 0x13, 0x00, 0x00, 0x00, 0x13, 0x00, 0x20, 
    0x14, 0x14, 0x00, 0x00, 0x00, 0x14, 0x00, 0x20, 0x15, 0x15, 0x00, 0x00, 0x00, 0x15, 0x00, 0x20, 
    0x16, 0x16, 0x00, 0x00, 0x00, 0x16, 0x00, 0x20, 0x17, 0x17, 0x00, 0x00, 0x00, 0x17, 0x00, 0x20, 
    0x18, 0x18, 0x00, 0x00, 0x00, 0x18, 0x00, 0x20, 0x19, 0x19, 0x00, 0x00, 0x00, 0x19, 0x00, 0x20, 
    0x1a, 0x1a, 0x00, 0x00, 0x00, 0x1a, 0x00, 0x20, 0x1b, 0x1b, 0x00, 0x00, 0x00, 0x1b, 0x00, 0x20, 
    0x1c, 0x1c, 0x00, 0x00, 0x00, 0x1c, 0x00, 0x20, 0x1d, 0x1d, 0x00, 0x00, 0x00, 0x1d, 0x00, 0x20, 
    0x1e, 0x1e, 0x00, 0x00, 0x00, 0x1e, 0x00, 0x20, 0x70, 0x66, 0x55, 0x44, 0x33, 0x22, 0x11, 0x00, 
    0x10, 0x10, 0x0f, 0x0e, 0x0d, 0x0c, 0x0b, 0x0a, 0x38, 0x37, 0x36, 0x35, 0x34, 0x33, 0x32, 0x31, 
    0x48, 0x47, 0x46, 0x45, 0x44, 0x43, 0x42, 0x41, 0x58, 0x57, 0x56, 0x55, 0x54, 0x53, 0x52, 0x51, 
    0x00, 0x00, 0x00, 0x00, 0x00, 0x00, 0x00, 0x60, 0x00, 0x00, 0x00, 0x00, 0x00, 0x00, 0x00, 0x70, 
    0x01, 0x00, 0x00, 0x00, 0x01, 0x00, 0x00, 0x60, 0x01, 0x00, 0x00, 0x00, 0x01, 0x00, 0x00, 0x70, 
    0x02, 0x00, 0x00, 0x00, 0x02, 0x00, 0x00, 0x60, 0x02, 0x00, 0x00, 0x00, 0x02, 0x00, 0x00, 0x70, 
    0x03, 0x00, 0x00, 0x00, 0x03, 0x00, 0x00, 0x60, 0x03, 0x00, 0x00, 0x00, 0x03, 0x00, 0x00, 0x70, 
    0x04, 0x00, 0x00, 0x00, 0x04, 0x00, 0x00, 0x60, 0x04, 0x00, 0x00, 0x00, 0x04, 0x00, 0x00, 0x70, 
    0x05, 0x00, 0x00, 0x00, 0x05, 0x00, 0x00, 0x60, 0x05, 0x00, 0x00, 0x00, 0x05, 0x00, 0x00, 0x70, 
    0x06, 0x00, 0x00, 0x00, 0x06, 0x00, 0x00, 0x60, 0x06, 0x00, 0x00, 0x00, 0x06, 0x00, 0x00, 0x70, 
    0x07, 0x00, 0x00, 0x00, 0x07, 0x00, 0x00, 0x60, 0x07, 0x00, 0x00, 0x00, 0x07, 0x00, 0x00, 0x70, 
    0x08, 0x00, 0x00, 0x00, 0x08, 0x00, 0x00, 0x60, 0x08, 0x00, 0x00, 0x00, 0x08, 0x00, 0x00, 0x70, 
    0x09, 0x00, 0x00, 0x00, 0x09, 0x00, 0x00, 0x60, 0x09, 0x00, 0x00, 0x00, 0x09, 0x00, 0x00, 0x70, 
    0x0a, 0x00, 0x00, 0x00, 0x0a, 0x00, 0x00, 0x60, 0x0a, 0x00, 0x00, 0x00, 0x0a, 0x00, 0x00, 0x70, 
    0x0b, 0x00, 0x00, 0x00, 0x0b, 0x00, 0x00, 0x60, 0x0b, 0x00, 0x00, 0x00, 0x0b, 0x00, 0x00, 0x70, 
    0x0c, 0x00, 0x00, 0x00, 0x0c, 0x00, 0x00, 0x60, 0x0c, 0x00, 0x00, 0x00, 0x0c, 0x00, 0x00, 0x70, 
    0x0d, 0x00, 0x00, 0x00, 0x0d, 0x00, 0x00, 0x60, 0x0d, 0x00, 0x00, 0x00, 0x0d, 0x00, 0x00, 0x70, 
    0x0e, 0x00, 0x00, 0x00, 0x0e, 0x00, 0x00, 0x60, 0x0e, 0x00, 0x00, 0x00, 0x0e, 0x00, 0x00, 0x70, 
    0x0f, 0x00, 0x00, 0x00, 0x0f, 0x00, 0x00, 0x60, 0x0f, 0x00, 0x00, 0x00, 0x0f, 0x00, 0x00, 0x70, 
    0x10, 0x00, 0x00, 0x00, 0x10, 0x00, 0x00, 0x60, 0x10, 0x00, 0x00, 0x00, 0x10, 0x00, 0x00, 0x70, 
    0x11, 0x00, 0x00, 0x00, 0x11, 0x00, 0x00, 0x60, 0x11, 0x00, 0x00, 0x00, 0x11, 0x00, 0x00, 0x70, 
    0x12, 0x00, 0x00, 0x00, 0x12, 0x00, 0x00, 0x60, 0x12, 0x00, 0x00, 0x00, 0x12, 0x00, 0x00, 0x70, 
    0x13, 0x00, 0x00, 0x00, 0x13, 0x00, 0x00, 0x60, 0x13, 0x00, 0x00, 0x00, 0x13, 0x00, 0x00, 0x70, 
    0x14, 0x00, 0x00, 0x00, 0x14, 0x00, 0x00, 0x60, 0x14, 0x00, 0x00, 0x00, 0x14, 0x00, 0x00, 0x70, 
    0x15, 0x00, 0x00, 0x00, 0x15, 0x00, 0x00, 0x60, 0x15, 0x00, 0x00, 0x00, 0x15, 0x00, 0x00, 0x70, 
    0x16, 0x00, 0x00, 0x00, 0x16, 0x00, 0x00, 0x60, 0x16, 0x00, 0x00, 0x00, 0x16, 0x00, 0x00, 0x70, 
    0x17, 0x00, 0x00, 0x00, 0x17, 0x00, 0x00, 0x60, 0x17, 0x00, 0x00, 0x00, 0x17, 0x00, 0x00, 0x70, 
    0x18, 0x00, 0x00, 0x00, 0x18, 0x00, 0x00, 0x60, 0x18, 0x00, 0x00, 0x00, 0x18, 0x00, 0x00, 0x70, 
    0x19, 0x00, 0x00, 0x00, 0x19, 0x00, 0x00, 0x60, 0x19, 0x00, 0x00, 0x00, 0x19, 0x00, 0x00, 0x70, 
    0x1a, 0x00, 0x00, 0x00, 0x1a, 0x00, 0x00, 0x60, 0x1a, 0x00, 0x00, 0x00, 0x1a, 0x00, 0x00, 0x70, 
    0x1b, 0x00, 0x00, 0x00, 0x1b, 0x00, 0x00, 0x60, 0x1b, 0x00, 0x00, 0x00, 0x1b, 0x00, 0x00, 0x70, 
    0x1c, 0x00, 0x00, 0x00, 0x1c, 0x00, 0x00, 0x60, 0x1c, 0x00, 0x00, 0x00, 0x1c, 0x00, 0x00, 0x70, 
    0x1d, 0x00, 0x00, 0x00, 0x1d, 0x00, 0x00, 0x60, 0x1d, 0x00, 0x00, 0x00, 0x1d, 0x00, 0x00, 0x70, 
    0x1e, 0x00, 0x00, 0x00, 0x1e, 0x00, 0x00, 0x60, 0x1e, 0x00, 0x00, 0x00, 0x1e, 0x00, 0x00, 0x70, 
    0x1f, 0x00, 0x00, 0x00, 0x1f, 0x00, 0x00, 0x60, 0x1f, 0x00, 0x00, 0x00, 0x1f, 0x00, 0x00, 0x70, 
    0x84, 0x83, 0x82, 0x81, 0x94, 0x93, 0x92, 0x91, 0xa4, 0xa3, 0xa2, 0xa1, 0xb4, 0xb3, 0xb2, 0xb1, 
    0xc8, 0xc7, 0xc6, 0xc5, 0xc4, 0xc3, 0xc2, 0xc1, 0xd8, 0xd7, 0xd6, 0xd5, 0xd4, 0xd3, 0xd2, 0xd1, 
    0xe8, 0xe7, 0xe6, 0xe5, 0xe4, 0xe3, 0xe2, 0xe1, 0x00, 0x00, 0x00, 0x00, 0x00, 0x00, 0x00, 0x00, 
    0x00, 0x00, 0x00, 0x00, 0x00, 0x00, 0x00, 0x00, 0x00, 0x00, 0x00, 0x00, 0x00, 0x00, 0x00, 0x00, 
    0x00, 0x00, 0x00, 0x00, 0x00, 0x00, 0x00, 0x00, 0x00, 0x00, 0x00, 0x00, 0x00, 0x00, 0x00, 0x00, 
    0x00, 0x00, 0x00, 0x00, 0x00, 0x00, 0x00, 0x00, 0x00, 0x00, 0x00, 0x00, 0x00, 0x00, 0x00, 0x00, 
    0x00, 0x00, 0x00, 0x00, 0x00, 0x00, 0x00, 0x00, 0x00, 0x00, 0x00, 0x00, 0x00, 0x00, 0x00, 0x00, 
];

const GOLDEN_V2_KICK_SUPERVISOR_CALL: [u8; 976] = [
    0x4c, 0x46, 0x4f, 0x52, 0x02, 0x00, 0x01, 0x00, 0xd0, 0x03, 0x00, 0x00, 0x04, 0x00, 0x00, 0x00, 
    0xbb, 0xaa, 0x99, 0x88, 0x77, 0x66, 0x55, 0x44, 0x33, 0x22, 0x11, 0x00, 0xff, 0xee, 0xdd, 0xcc, 
    0x38, 0x37, 0x36, 0x35, 0x34, 0x33, 0x32, 0x31, 0x00, 0x00, 0x00, 0x00, 0x00, 0x00, 0x00, 0x00, 
    0x4c, 0x4f, 0x4c, 0x4f, 0x01, 0x00, 0x01, 0x00, 0x80, 0x03, 0x00, 0x00, 0x00, 0x00, 0x00, 0x00, 
    0x00, 0x00, 0x00, 0x00, 0x00, 0x00, 0x00, 0x20, 0x01, 0x01, 0x00, 0x00, 0x00, 0x01, 0x00, 0x20, 
    0x02, 0x02, 0x00, 0x00, 0x00, 0x02, 0x00, 0x20, 0x03, 0x03, 0x00, 0x00, 0x00, 0x03, 0x00, 0x20, 
    0x04, 0x04, 0x00, 0x00, 0x00, 0x04, 0x00, 0x20, 0x05, 0x05, 0x00, 0x00, 0x00, 0x05, 0x00, 0x20, 
    0x06, 0x06, 0x00, 0x00, 0x00, 0x06, 0x00, 0x20, 0x07, 0x07, 0x00, 0x00, 0x00, 0x07, 0x00, 0x20, 
    0x08, 0x08, 0x00, 0x00, 0x00, 0x08, 0x00, 0x20, 0x09, 0x09, 0x00, 0x00, 0x00, 0x09, 0x00, 0x20, 
    0x0a, 0x0a, 0x00, 0x00, 0x00, 0x0a, 0x00, 0x20, 0x0b, 0x0b, 0x00, 0x00, 0x00, 0x0b, 0x00, 0x20, 
    0x0c, 0x0c, 0x00, 0x00, 0x00, 0x0c, 0x00, 0x20, 0x0d, 0x0d, 0x00, 0x00, 0x00, 0x0d, 0x00, 0x20, 
    0x0e, 0x0e, 0x00, 0x00, 0x00, 0x0e, 0x00, 0x20, 0x0f, 0x0f, 0x00, 0x00, 0x00, 0x0f, 0x00, 0x20, 
    0x10, 0x10, 0x00, 0x00, 0x00, 0x10, 0x00, 0x20, 0x11, 0x11, 0x00, 0x00, 0x00, 0x11, 0x00, 0x20, 
    0x12, 0x12, 0x00, 0x00, 0x00, 0x12, 0x00, 0x20, 0x13, 0x13, 0x00, 0x00, 0x00, 0x13, 0x00, 0x20, 
    0x14, 0x14, 0x00, 0x00, 0x00, 0x14, 0x00, 0x20, 0x15, 0x15, 0x00, 0x00, 0x00, 0x15, 0x00, 0x20, 
    0x16, 0x16, 0x00, 0x00, 0x00, 0x16, 0x00, 0x20, 0x17, 0x17, 0x00, 0x00, 0x00, 0x17, 0x00, 0x20, 
    0x18, 0x18, 0x00, 0x00, 0x00, 0x18, 0x00, 0x20, 0x19, 0x19, 0x00, 0x00, 0x00, 0x19, 0x00, 0x20, 
    0x1a, 0x1a, 0x00, 0x00, 0x00, 0x1a, 0x00, 0x20, 0x1b, 0x1b, 0x00, 0x00, 0x00, 0x1b, 0x00, 0x20, 
    0x1c, 0x1c, 0x00, 0x00, 0x00, 0x1c, 0x00, 0x20, 0x1d, 0x1d, 0x00, 0x00, 0x00, 0x1d, 0x00, 0x20, 
    0x1e, 0x1e, 0x00, 0x00, 0x00, 0x1e, 0x00, 0x20, 0x70, 0x66, 0x55, 0x44, 0x33, 0x22, 0x11, 0x00, 
    0x10, 0x10, 0x0f, 0x0e, 0x0d, 0x0c, 0x0b, 0x0a, 0x38, 0x37, 0x36, 0x35, 0x34, 0x33, 0x32, 0x31, 
    0x48, 0x47, 0x46, 0x45, 0x44, 0x43, 0x42, 0x41, 0x58, 0x57, 0x56, 0x55, 0x54, 0x53, 0x52, 0x51, 
    0x00, 0x00, 0x00, 0x00, 0x00, 0x00, 0x00, 0x60, 0x00, 0x00, 0x00, 0x00, 0x00, 0x00, 0x00, 0x70, 
    0x01, 0x00, 0x00, 0x00, 0x01, 0x00, 0x00, 0x60, 0x01, 0x00, 0x00, 0x00, 0x01, 0x00, 0x00, 0x70, 
    0x02, 0x00, 0x00, 0x00, 0x02, 0x00, 0x00, 0x60, 0x02, 0x00, 0x00, 0x00, 0x02, 0x00, 0x00, 0x70, 
    0x03, 0x00, 0x00, 0x00, 0x03, 0x00, 0x00, 0x60, 0x03, 0x00, 0x00, 0x00, 0x03, 0x00, 0x00, 0x70, 
    0x04, 0x00, 0x00, 0x00, 0x04, 0x00, 0x00, 0x60, 0x04, 0x00, 0x00, 0x00, 0x04, 0x00, 0x00, 0x70, 
    0x05, 0x00, 0x00, 0x00, 0x05, 0x00, 0x00, 0x60, 0x05, 0x00, 0x00, 0x00, 0x05, 0x00, 0x00, 0x70, 
    0x06, 0x00, 0x00, 0x00, 0x06, 0x00, 0x00, 0x60, 0x06, 0x00, 0x00, 0x00, 0x06, 0x00, 0x00, 0x70, 
    0x07, 0x00, 0x00, 0x00, 0x07, 0x00, 0x00, 0x60, 0x07, 0x00, 0x00, 0x00, 0x07, 0x00, 0x00, 0x70, 
    0x08, 0x00, 0x00, 0x00, 0x08, 0x00, 0x00, 0x60, 0x08, 0x00, 0x00, 0x00, 0x08, 0x00, 0x00, 0x70, 
    0x09, 0x00, 0x00, 0x00, 0x09, 0x00, 0x00, 0x60, 0x09, 0x00, 0x00, 0x00, 0x09, 0x00, 0x00, 0x70, 
    0x0a, 0x00, 0x00, 0x00, 0x0a, 0x00, 0x00, 0x60, 0x0a, 0x00, 0x00, 0x00, 0x0a, 0x00, 0x00, 0x70, 
    0x0b, 0x00, 0x00, 0x00, 0x0b, 0x00, 0x00, 0x60, 0x0b, 0x00, 0x00, 0x00, 0x0b, 0x00, 0x00, 0x70, 
    0x0c, 0x00, 0x00, 0x00, 0x0c, 0x00, 0x00, 0x60, 0x0c, 0x00, 0x00, 0x00, 0x0c, 0x00, 0x00, 0x70, 
    0x0d, 0x00, 0x00, 0x00, 0x0d, 0x00, 0x00, 0x60, 0x0d, 0x00, 0x00, 0x00, 0x0d, 0x00, 0x00, 0x70, 
    0x0e, 0x00, 0x00, 0x00, 0x0e, 0x00, 0x00, 0x60, 0x0e, 0x00, 0x00, 0x00, 0x0e, 0x00, 0x00, 0x70, 
    0x0f, 0x00, 0x00, 0x00, 0x0f, 0x00, 0x00, 0x60, 0x0f, 0x00, 0x00, 0x00, 0x0f, 0x00, 0x00, 0x70, 
    0x10, 0x00, 0x00, 0x00, 0x10, 0x00, 0x00, 0x60, 0x10, 0x00, 0x00, 0x00, 0x10, 0x00, 0x00, 0x70, 
    0x11, 0x00, 0x00, 0x00, 0x11, 0x00, 0x00, 0x60, 0x11, 0x00, 0x00, 0x00, 0x11, 0x00, 0x00, 0x70, 
    0x12, 0x00, 0x00, 0x00, 0x12, 0x00, 0x00, 0x60, 0x12, 0x00, 0x00, 0x00, 0x12, 0x00, 0x00, 0x70, 
    0x13, 0x00, 0x00, 0x00, 0x13, 0x00, 0x00, 0x60, 0x13, 0x00, 0x00, 0x00, 0x13, 0x00, 0x00, 0x70, 
    0x14, 0x00, 0x00, 0x00, 0x14, 0x00, 0x00, 0x60, 0x14, 0x00, 0x00, 0x00, 0x14, 0x00, 0x00, 0x70, 
    0x15, 0x00, 0x00, 0x00, 0x15, 0x00, 0x00, 0x60, 0x15, 0x00, 0x00, 0x00, 0x15, 0x00, 0x00, 0x70, 
    0x16, 0x00, 0x00, 0x00, 0x16, 0x00, 0x00, 0x60, 0x16, 0x00, 0x00, 0x00, 0x16, 0x00, 0x00, 0x70, 
    0x17, 0x00, 0x00, 0x00, 0x17, 0x00, 0x00, 0x60, 0x17, 0x00, 0x00, 0x00, 0x17, 0x00, 0x00, 0x70, 
    0x18, 0x00, 0x00, 0x00, 0x18, 0x00, 0x00, 0x60, 0x18, 0x00, 0x00, 0x00, 0x18, 0x00, 0x00, 0x70, 
    0x19, 0x00, 0x00, 0x00, 0x19, 0x00, 0x00, 0x60, 0x19, 0x00, 0x00, 0x00, 0x19, 0x00, 0x00, 0x70, 
    0x1a, 0x00, 0x00, 0x00, 0x1a, 0x00, 0x00, 0x60, 0x1a, 0x00, 0x00, 0x00, 0x1a, 0x00, 0x00, 0x70, 
    0x1b, 0x00, 0x00, 0x00, 0x1b, 0x00, 0x00, 0x60, 0x1b, 0x00, 0x00, 0x00, 0x1b, 0x00, 0x00, 0x70, 
    0x1c, 0x00, 0x00, 0x00, 0x1c, 0x00, 0x00, 0x60, 0x1c, 0x00, 0x00, 0x00, 0x1c, 0x00, 0x00, 0x70, 
    0x1d, 0x00, 0x00, 0x00, 0x1d, 0x00, 0x00, 0x60, 0x1d, 0x00, 0x00, 0x00, 0x1d, 0x00, 0x00, 0x70, 
    0x1e, 0x00, 0x00, 0x00, 0x1e, 0x00, 0x00, 0x60, 0x1e, 0x00, 0x00, 0x00, 0x1e, 0x00, 0x00, 0x70, 
    0x1f, 0x00, 0x00, 0x00, 0x1f, 0x00, 0x00, 0x60, 0x1f, 0x00, 0x00, 0x00, 0x1f, 0x00, 0x00, 0x70, 
    0x84, 0x83, 0x82, 0x81, 0x94, 0x93, 0x92, 0x91, 0xa4, 0xa3, 0xa2, 0xa1, 0xb4, 0xb3, 0xb2, 0xb1, 
    0xc8, 0xc7, 0xc6, 0xc5, 0xc4, 0xc3, 0xc2, 0xc1, 0xd8, 0xd7, 0xd6, 0xd5, 0xd4, 0xd3, 0xd2, 0xd1, 
    0xe8, 0xe7, 0xe6, 0xe5, 0xe4, 0xe3, 0xe2, 0xe1, 0x00, 0x00, 0x00, 0x00, 0x00, 0x00, 0x00, 0x00, 
    0x00, 0x00, 0x00, 0x00, 0x00, 0x00, 0x00, 0x00, 0x00, 0x00, 0x00, 0x00, 0x00, 0x00, 0x00, 0x00, 
    0x00, 0x00, 0x00, 0x00, 0x00, 0x00, 0x00, 0x00, 0x00, 0x00, 0x00, 0x00, 0x00, 0x00, 0x00, 0x00, 
    0x01, 0x00, 0x00, 0x00, 0x00, 0x00, 0x00, 0x00, 0x00, 0x00, 0x00, 0x00, 0x00, 0x00, 0x00, 0x00, 
    0x00, 0x00, 0x00, 0x00, 0x00, 0x00, 0x00, 0x00, 0x00, 0x00, 0x00, 0x00, 0x00, 0x00, 0x00, 0x00, 
];

const GOLDEN_V2_KICK_EXCEPTION: [u8; 976] = [
    0x4c, 0x46, 0x4f, 0x52, 0x02, 0x00, 0x01, 0x00, 0xd0, 0x03, 0x00, 0x00, 0x04, 0x00, 0x00, 0x00, 
    0xbb, 0xaa, 0x99, 0x88, 0x77, 0x66, 0x55, 0x44, 0x33, 0x22, 0x11, 0x00, 0xff, 0xee, 0xdd, 0xcc, 
    0x38, 0x37, 0x36, 0x35, 0x34, 0x33, 0x32, 0x31, 0x00, 0x00, 0x00, 0x00, 0x00, 0x00, 0x00, 0x00, 
    0x4c, 0x4f, 0x4c, 0x4f, 0x01, 0x00, 0x01, 0x00, 0x80, 0x03, 0x00, 0x00, 0x00, 0x00, 0x00, 0x00, 
    0x00, 0x00, 0x00, 0x00, 0x00, 0x00, 0x00, 0x20, 0x01, 0x01, 0x00, 0x00, 0x00, 0x01, 0x00, 0x20, 
    0x02, 0x02, 0x00, 0x00, 0x00, 0x02, 0x00, 0x20, 0x03, 0x03, 0x00, 0x00, 0x00, 0x03, 0x00, 0x20, 
    0x04, 0x04, 0x00, 0x00, 0x00, 0x04, 0x00, 0x20, 0x05, 0x05, 0x00, 0x00, 0x00, 0x05, 0x00, 0x20, 
    0x06, 0x06, 0x00, 0x00, 0x00, 0x06, 0x00, 0x20, 0x07, 0x07, 0x00, 0x00, 0x00, 0x07, 0x00, 0x20, 
    0x08, 0x08, 0x00, 0x00, 0x00, 0x08, 0x00, 0x20, 0x09, 0x09, 0x00, 0x00, 0x00, 0x09, 0x00, 0x20, 
    0x0a, 0x0a, 0x00, 0x00, 0x00, 0x0a, 0x00, 0x20, 0x0b, 0x0b, 0x00, 0x00, 0x00, 0x0b, 0x00, 0x20, 
    0x0c, 0x0c, 0x00, 0x00, 0x00, 0x0c, 0x00, 0x20, 0x0d, 0x0d, 0x00, 0x00, 0x00, 0x0d, 0x00, 0x20, 
    0x0e, 0x0e, 0x00, 0x00, 0x00, 0x0e, 0x00, 0x20, 0x0f, 0x0f, 0x00, 0x00, 0x00, 0x0f, 0x00, 0x20, 
    0x10, 0x10, 0x00, 0x00, 0x00, 0x10, 0x00, 0x20, 0x11, 0x11, 0x00, 0x00, 0x00, 0x11, 0x00, 0x20, 
    0x12, 0x12, 0x00, 0x00, 0x00, 0x12, 0x00, 0x20, 0x13, 0x13, 0x00, 0x00, 0x00, 0x13, 0x00, 0x20, 
    0x14, 0x14, 0x00, 0x00, 0x00, 0x14, 0x00, 0x20, 0x15, 0x15, 0x00, 0x00, 0x00, 0x15, 0x00, 0x20, 
    0x16, 0x16, 0x00, 0x00, 0x00, 0x16, 0x00, 0x20, 0x17, 0x17, 0x00, 0x00, 0x00, 0x17, 0x00, 0x20, 
    0x18, 0x18, 0x00, 0x00, 0x00, 0x18, 0x00, 0x20, 0x19, 0x19, 0x00, 0x00, 0x00, 0x19, 0x00, 0x20, 
    0x1a, 0x1a, 0x00, 0x00, 0x00, 0x1a, 0x00, 0x20, 0x1b, 0x1b, 0x00, 0x00, 0x00, 0x1b, 0x00, 0x20, 
    0x1c, 0x1c, 0x00, 0x00, 0x00, 0x1c, 0x00, 0x20, 0x1d, 0x1d, 0x00, 0x00, 0x00, 0x1d, 0x00, 0x20, 
    0x1e, 0x1e, 0x00, 0x00, 0x00, 0x1e, 0x00, 0x20, 0x70, 0x66, 0x55, 0x44, 0x33, 0x22, 0x11, 0x00, 
    0x10, 0x10, 0x0f, 0x0e, 0x0d, 0x0c, 0x0b, 0x0a, 0x38, 0x37, 0x36, 0x35, 0x34, 0x33, 0x32, 0x31, 
    0x48, 0x47, 0x46, 0x45, 0x44, 0x43, 0x42, 0x41, 0x58, 0x57, 0x56, 0x55, 0x54, 0x53, 0x52, 0x51, 
    0x00, 0x00, 0x00, 0x00, 0x00, 0x00, 0x00, 0x60, 0x00, 0x00, 0x00, 0x00, 0x00, 0x00, 0x00, 0x70, 
    0x01, 0x00, 0x00, 0x00, 0x01, 0x00, 0x00, 0x60, 0x01, 0x00, 0x00, 0x00, 0x01, 0x00, 0x00, 0x70, 
    0x02, 0x00, 0x00, 0x00, 0x02, 0x00, 0x00, 0x60, 0x02, 0x00, 0x00, 0x00, 0x02, 0x00, 0x00, 0x70, 
    0x03, 0x00, 0x00, 0x00, 0x03, 0x00, 0x00, 0x60, 0x03, 0x00, 0x00, 0x00, 0x03, 0x00, 0x00, 0x70, 
    0x04, 0x00, 0x00, 0x00, 0x04, 0x00, 0x00, 0x60, 0x04, 0x00, 0x00, 0x00, 0x04, 0x00, 0x00, 0x70, 
    0x05, 0x00, 0x00, 0x00, 0x05, 0x00, 0x00, 0x60, 0x05, 0x00, 0x00, 0x00, 0x05, 0x00, 0x00, 0x70, 
    0x06, 0x00, 0x00, 0x00, 0x06, 0x00, 0x00, 0x60, 0x06, 0x00, 0x00, 0x00, 0x06, 0x00, 0x00, 0x70, 
    0x07, 0x00, 0x00, 0x00, 0x07, 0x00, 0x00, 0x60, 0x07, 0x00, 0x00, 0x00, 0x07, 0x00, 0x00, 0x70, 
    0x08, 0x00, 0x00, 0x00, 0x08, 0x00, 0x00, 0x60, 0x08, 0x00, 0x00, 0x00, 0x08, 0x00, 0x00, 0x70, 
    0x09, 0x00, 0x00, 0x00, 0x09, 0x00, 0x00, 0x60, 0x09, 0x00, 0x00, 0x00, 0x09, 0x00, 0x00, 0x70, 
    0x0a, 0x00, 0x00, 0x00, 0x0a, 0x00, 0x00, 0x60, 0x0a, 0x00, 0x00, 0x00, 0x0a, 0x00, 0x00, 0x70, 
    0x0b, 0x00, 0x00, 0x00, 0x0b, 0x00, 0x00, 0x60, 0x0b, 0x00, 0x00, 0x00, 0x0b, 0x00, 0x00, 0x70, 
    0x0c, 0x00, 0x00, 0x00, 0x0c, 0x00, 0x00, 0x60, 0x0c, 0x00, 0x00, 0x00, 0x0c, 0x00, 0x00, 0x70, 
    0x0d, 0x00, 0x00, 0x00, 0x0d, 0x00, 0x00, 0x60, 0x0d, 0x00, 0x00, 0x00, 0x0d, 0x00, 0x00, 0x70, 
    0x0e, 0x00, 0x00, 0x00, 0x0e, 0x00, 0x00, 0x60, 0x0e, 0x00, 0x00, 0x00, 0x0e, 0x00, 0x00, 0x70, 
    0x0f, 0x00, 0x00, 0x00, 0x0f, 0x00, 0x00, 0x60, 0x0f, 0x00, 0x00, 0x00, 0x0f, 0x00, 0x00, 0x70, 
    0x10, 0x00, 0x00, 0x00, 0x10, 0x00, 0x00, 0x60, 0x10, 0x00, 0x00, 0x00, 0x10, 0x00, 0x00, 0x70, 
    0x11, 0x00, 0x00, 0x00, 0x11, 0x00, 0x00, 0x60, 0x11, 0x00, 0x00, 0x00, 0x11, 0x00, 0x00, 0x70, 
    0x12, 0x00, 0x00, 0x00, 0x12, 0x00, 0x00, 0x60, 0x12, 0x00, 0x00, 0x00, 0x12, 0x00, 0x00, 0x70, 
    0x13, 0x00, 0x00, 0x00, 0x13, 0x00, 0x00, 0x60, 0x13, 0x00, 0x00, 0x00, 0x13, 0x00, 0x00, 0x70, 
    0x14, 0x00, 0x00, 0x00, 0x14, 0x00, 0x00, 0x60, 0x14, 0x00, 0x00, 0x00, 0x14, 0x00, 0x00, 0x70, 
    0x15, 0x00, 0x00, 0x00, 0x15, 0x00, 0x00, 0x60, 0x15, 0x00, 0x00, 0x00, 0x15, 0x00, 0x00, 0x70, 
    0x16, 0x00, 0x00, 0x00, 0x16, 0x00, 0x00, 0x60, 0x16, 0x00, 0x00, 0x00, 0x16, 0x00, 0x00, 0x70, 
    0x17, 0x00, 0x00, 0x00, 0x17, 0x00, 0x00, 0x60, 0x17, 0x00, 0x00, 0x00, 0x17, 0x00, 0x00, 0x70, 
    0x18, 0x00, 0x00, 0x00, 0x18, 0x00, 0x00, 0x60, 0x18, 0x00, 0x00, 0x00, 0x18, 0x00, 0x00, 0x70, 
    0x19, 0x00, 0x00, 0x00, 0x19, 0x00, 0x00, 0x60, 0x19, 0x00, 0x00, 0x00, 0x19, 0x00, 0x00, 0x70, 
    0x1a, 0x00, 0x00, 0x00, 0x1a, 0x00, 0x00, 0x60, 0x1a, 0x00, 0x00, 0x00, 0x1a, 0x00, 0x00, 0x70, 
    0x1b, 0x00, 0x00, 0x00, 0x1b, 0x00, 0x00, 0x60, 0x1b, 0x00, 0x00, 0x00, 0x1b, 0x00, 0x00, 0x70, 
    0x1c, 0x00, 0x00, 0x00, 0x1c, 0x00, 0x00, 0x60, 0x1c, 0x00, 0x00, 0x00, 0x1c, 0x00, 0x00, 0x70, 
    0x1d, 0x00, 0x00, 0x00, 0x1d, 0x00, 0x00, 0x60, 0x1d, 0x00, 0x00, 0x00, 0x1d, 0x00, 0x00, 0x70, 
    0x1e, 0x00, 0x00, 0x00, 0x1e, 0x00, 0x00, 0x60, 0x1e, 0x00, 0x00, 0x00, 0x1e, 0x00, 0x00, 0x70, 
    0x1f, 0x00, 0x00, 0x00, 0x1f, 0x00, 0x00, 0x60, 0x1f, 0x00, 0x00, 0x00, 0x1f, 0x00, 0x00, 0x70, 
    0x84, 0x83, 0x82, 0x81, 0x94, 0x93, 0x92, 0x91, 0xa4, 0xa3, 0xa2, 0xa1, 0xb4, 0xb3, 0xb2, 0xb1, 
    0xc8, 0xc7, 0xc6, 0xc5, 0xc4, 0xc3, 0xc2, 0xc1, 0xd8, 0xd7, 0xd6, 0xd5, 0xd4, 0xd3, 0xd2, 0xd1, 
    0xe8, 0xe7, 0xe6, 0xe5, 0xe4, 0xe3, 0xe2, 0xe1, 0x00, 0x00, 0x00, 0x00, 0x00, 0x00, 0x00, 0x00, 
    0x00, 0x00, 0x00, 0x00, 0x00, 0x00, 0x00, 0x00, 0x00, 0x00, 0x00, 0x00, 0x00, 0x00, 0x00, 0x00, 
    0x00, 0x00, 0x00, 0x00, 0x00, 0x00, 0x00, 0x00, 0x00, 0x00, 0x00, 0x00, 0x00, 0x00, 0x00, 0x00, 
    0x02, 0x00, 0x00, 0x00, 0x00, 0x00, 0x00, 0x00, 0x00, 0x00, 0x00, 0x00, 0x00, 0x00, 0x00, 0x00, 
    0x00, 0x00, 0x00, 0x00, 0x00, 0x00, 0x00, 0x00, 0x00, 0x00, 0x00, 0x00, 0x00, 0x00, 0x00, 0x00, 
];

const GOLDEN_V3_WAIT_WOKEN: [u8; 976] = [
    0x4c, 0x46, 0x4f, 0x52, 0x03, 0x00, 0x01, 0x00, 0xd0, 0x03, 0x00, 0x00, 0x05, 0x00, 0x00, 0x00, 
    0xcc, 0xbb, 0xaa, 0x99, 0x88, 0x77, 0x66, 0x55, 0x44, 0x33, 0x22, 0x11, 0x00, 0xff, 0xee, 0xdd, 
    0x48, 0x47, 0x46, 0x45, 0x44, 0x43, 0x42, 0x41, 0x00, 0x00, 0x00, 0x00, 0x00, 0x00, 0x00, 0x00, 
    0x4c, 0x4f, 0x4c, 0x4f, 0x01, 0x00, 0x01, 0x00, 0x80, 0x03, 0x00, 0x00, 0x00, 0x00, 0x00, 0x00, 
    0x00, 0x00, 0x00, 0x00, 0x00, 0x00, 0x00, 0x20, 0x01, 0x01, 0x00, 0x00, 0x00, 0x01, 0x00, 0x20, 
    0x02, 0x02, 0x00, 0x00, 0x00, 0x02, 0x00, 0x20, 0x03, 0x03, 0x00, 0x00, 0x00, 0x03, 0x00, 0x20, 
    0x04, 0x04, 0x00, 0x00, 0x00, 0x04, 0x00, 0x20, 0x05, 0x05, 0x00, 0x00, 0x00, 0x05, 0x00, 0x20, 
    0x06, 0x06, 0x00, 0x00, 0x00, 0x06, 0x00, 0x20, 0x07, 0x07, 0x00, 0x00, 0x00, 0x07, 0x00, 0x20, 
    0x08, 0x08, 0x00, 0x00, 0x00, 0x08, 0x00, 0x20, 0x09, 0x09, 0x00, 0x00, 0x00, 0x09, 0x00, 0x20, 
    0x0a, 0x0a, 0x00, 0x00, 0x00, 0x0a, 0x00, 0x20, 0x0b, 0x0b, 0x00, 0x00, 0x00, 0x0b, 0x00, 0x20, 
    0x0c, 0x0c, 0x00, 0x00, 0x00, 0x0c, 0x00, 0x20, 0x0d, 0x0d, 0x00, 0x00, 0x00, 0x0d, 0x00, 0x20, 
    0x0e, 0x0e, 0x00, 0x00, 0x00, 0x0e, 0x00, 0x20, 0x0f, 0x0f, 0x00, 0x00, 0x00, 0x0f, 0x00, 0x20, 
    0x10, 0x10, 0x00, 0x00, 0x00, 0x10, 0x00, 0x20, 0x11, 0x11, 0x00, 0x00, 0x00, 0x11, 0x00, 0x20, 
    0x12, 0x12, 0x00, 0x00, 0x00, 0x12, 0x00, 0x20, 0x13, 0x13, 0x00, 0x00, 0x00, 0x13, 0x00, 0x20, 
    0x14, 0x14, 0x00, 0x00, 0x00, 0x14, 0x00, 0x20, 0x15, 0x15, 0x00, 0x00, 0x00, 0x15, 0x00, 0x20, 
    0x16, 0x16, 0x00, 0x00, 0x00, 0x16, 0x00, 0x20, 0x17, 0x17, 0x00, 0x00, 0x00, 0x17, 0x00, 0x20, 
    0x18, 0x18, 0x00, 0x00, 0x00, 0x18, 0x00, 0x20, 0x19, 0x19, 0x00, 0x00, 0x00, 0x19, 0x00, 0x20, 
    0x1a, 0x1a, 0x00, 0x00, 0x00, 0x1a, 0x00, 0x20, 0x1b, 0x1b, 0x00, 0x00, 0x00, 0x1b, 0x00, 0x20, 
    0x1c, 0x1c, 0x00, 0x00, 0x00, 0x1c, 0x00, 0x20, 0x1d, 0x1d, 0x00, 0x00, 0x00, 0x1d, 0x00, 0x20, 
    0x1e, 0x1e, 0x00, 0x00, 0x00, 0x1e, 0x00, 0x20, 0x70, 0x66, 0x55, 0x44, 0x33, 0x22, 0x11, 0x00, 
    0x10, 0x10, 0x0f, 0x0e, 0x0d, 0x0c, 0x0b, 0x0a, 0x38, 0x37, 0x36, 0x35, 0x34, 0x33, 0x32, 0x31, 
    0x48, 0x47, 0x46, 0x45, 0x44, 0x43, 0x42, 0x41, 0x58, 0x57, 0x56, 0x55, 0x54, 0x53, 0x52, 0x51, 
    0x00, 0x00, 0x00, 0x00, 0x00, 0x00, 0x00, 0x60, 0x00, 0x00, 0x00, 0x00, 0x00, 0x00, 0x00, 0x70, 
    0x01, 0x00, 0x00, 0x00, 0x01, 0x00, 0x00, 0x60, 0x01, 0x00, 0x00, 0x00, 0x01, 0x00, 0x00, 0x70, 
    0x02, 0x00, 0x00, 0x00, 0x02, 0x00, 0x00, 0x60, 0x02, 0x00, 0x00, 0x00, 0x02, 0x00, 0x00, 0x70, 
    0x03, 0x00, 0x00, 0x00, 0x03, 0x00, 0x00, 0x60, 0x03, 0x00, 0x00, 0x00, 0x03, 0x00, 0x00, 0x70, 
    0x04, 0x00, 0x00, 0x00, 0x04, 0x00, 0x00, 0x60, 0x04, 0x00, 0x00, 0x00, 0x04, 0x00, 0x00, 0x70, 
    0x05, 0x00, 0x00, 0x00, 0x05, 0x00, 0x00, 0x60, 0x05, 0x00, 0x00, 0x00, 0x05, 0x00, 0x00, 0x70, 
    0x06, 0x00, 0x00, 0x00, 0x06, 0x00, 0x00, 0x60, 0x06, 0x00, 0x00, 0x00, 0x06, 0x00, 0x00, 0x70, 
    0x07, 0x00, 0x00, 0x00, 0x07, 0x00, 0x00, 0x60, 0x07, 0x00, 0x00, 0x00, 0x07, 0x00, 0x00, 0x70, 
    0x08, 0x00, 0x00, 0x00, 0x08, 0x00, 0x00, 0x60, 0x08, 0x00, 0x00, 0x00, 0x08, 0x00, 0x00, 0x70, 
    0x09, 0x00, 0x00, 0x00, 0x09, 0x00, 0x00, 0x60, 0x09, 0x00, 0x00, 0x00, 0x09, 0x00, 0x00, 0x70, 
    0x0a, 0x00, 0x00, 0x00, 0x0a, 0x00, 0x00, 0x60, 0x0a, 0x00, 0x00, 0x00, 0x0a, 0x00, 0x00, 0x70, 
    0x0b, 0x00, 0x00, 0x00, 0x0b, 0x00, 0x00, 0x60, 0x0b, 0x00, 0x00, 0x00, 0x0b, 0x00, 0x00, 0x70, 
    0x0c, 0x00, 0x00, 0x00, 0x0c, 0x00, 0x00, 0x60, 0x0c, 0x00, 0x00, 0x00, 0x0c, 0x00, 0x00, 0x70, 
    0x0d, 0x00, 0x00, 0x00, 0x0d, 0x00, 0x00, 0x60, 0x0d, 0x00, 0x00, 0x00, 0x0d, 0x00, 0x00, 0x70, 
    0x0e, 0x00, 0x00, 0x00, 0x0e, 0x00, 0x00, 0x60, 0x0e, 0x00, 0x00, 0x00, 0x0e, 0x00, 0x00, 0x70, 
    0x0f, 0x00, 0x00, 0x00, 0x0f, 0x00, 0x00, 0x60, 0x0f, 0x00, 0x00, 0x00, 0x0f, 0x00, 0x00, 0x70, 
    0x10, 0x00, 0x00, 0x00, 0x10, 0x00, 0x00, 0x60, 0x10, 0x00, 0x00, 0x00, 0x10, 0x00, 0x00, 0x70, 
    0x11, 0x00, 0x00, 0x00, 0x11, 0x00, 0x00, 0x60, 0x11, 0x00, 0x00, 0x00, 0x11, 0x00, 0x00, 0x70, 
    0x12, 0x00, 0x00, 0x00, 0x12, 0x00, 0x00, 0x60, 0x12, 0x00, 0x00, 0x00, 0x12, 0x00, 0x00, 0x70, 
    0x13, 0x00, 0x00, 0x00, 0x13, 0x00, 0x00, 0x60, 0x13, 0x00, 0x00, 0x00, 0x13, 0x00, 0x00, 0x70, 
    0x14, 0x00, 0x00, 0x00, 0x14, 0x00, 0x00, 0x60, 0x14, 0x00, 0x00, 0x00, 0x14, 0x00, 0x00, 0x70, 
    0x15, 0x00, 0x00, 0x00, 0x15, 0x00, 0x00, 0x60, 0x15, 0x00, 0x00, 0x00, 0x15, 0x00, 0x00, 0x70, 
    0x16, 0x00, 0x00, 0x00, 0x16, 0x00, 0x00, 0x60, 0x16, 0x00, 0x00, 0x00, 0x16, 0x00, 0x00, 0x70, 
    0x17, 0x00, 0x00, 0x00, 0x17, 0x00, 0x00, 0x60, 0x17, 0x00, 0x00, 0x00, 0x17, 0x00, 0x00, 0x70, 
    0x18, 0x00, 0x00, 0x00, 0x18, 0x00, 0x00, 0x60, 0x18, 0x00, 0x00, 0x00, 0x18, 0x00, 0x00, 0x70, 
    0x19, 0x00, 0x00, 0x00, 0x19, 0x00, 0x00, 0x60, 0x19, 0x00, 0x00, 0x00, 0x19, 0x00, 0x00, 0x70, 
    0x1a, 0x00, 0x00, 0x00, 0x1a, 0x00, 0x00, 0x60, 0x1a, 0x00, 0x00, 0x00, 0x1a, 0x00, 0x00, 0x70, 
    0x1b, 0x00, 0x00, 0x00, 0x1b, 0x00, 0x00, 0x60, 0x1b, 0x00, 0x00, 0x00, 0x1b, 0x00, 0x00, 0x70, 
    0x1c, 0x00, 0x00, 0x00, 0x1c, 0x00, 0x00, 0x60, 0x1c, 0x00, 0x00, 0x00, 0x1c, 0x00, 0x00, 0x70, 
    0x1d, 0x00, 0x00, 0x00, 0x1d, 0x00, 0x00, 0x60, 0x1d, 0x00, 0x00, 0x00, 0x1d, 0x00, 0x00, 0x70, 
    0x1e, 0x00, 0x00, 0x00, 0x1e, 0x00, 0x00, 0x60, 0x1e, 0x00, 0x00, 0x00, 0x1e, 0x00, 0x00, 0x70, 
    0x1f, 0x00, 0x00, 0x00, 0x1f, 0x00, 0x00, 0x60, 0x1f, 0x00, 0x00, 0x00, 0x1f, 0x00, 0x00, 0x70, 
    0x84, 0x83, 0x82, 0x81, 0x94, 0x93, 0x92, 0x91, 0xa4, 0xa3, 0xa2, 0xa1, 0xb4, 0xb3, 0xb2, 0xb1, 
    0xc8, 0xc7, 0xc6, 0xc5, 0xc4, 0xc3, 0xc2, 0xc1, 0xd8, 0xd7, 0xd6, 0xd5, 0xd4, 0xd3, 0xd2, 0xd1, 
    0xe8, 0xe7, 0xe6, 0xe5, 0xe4, 0xe3, 0xe2, 0xe1, 0x00, 0x00, 0x00, 0x00, 0x00, 0x00, 0x00, 0x00, 
    0x00, 0x00, 0x00, 0x00, 0x00, 0x00, 0x00, 0x00, 0x00, 0x00, 0x00, 0x00, 0x00, 0x00, 0x00, 0x00, 
    0x00, 0x00, 0x00, 0x00, 0x00, 0x00, 0x00, 0x00, 0x00, 0x00, 0x00, 0x00, 0x00, 0x00, 0x00, 0x00, 
    0x00, 0x00, 0x00, 0x00, 0x00, 0x00, 0x00, 0x00, 0x00, 0x00, 0x00, 0x00, 0x00, 0x00, 0x00, 0x00, 
    0x00, 0x00, 0x00, 0x00, 0x00, 0x00, 0x00, 0x00, 0x00, 0x00, 0x00, 0x00, 0x00, 0x00, 0x00, 0x00, 
];

const GOLDEN_V3_WAIT_TIMED_OUT: [u8; 976] = [
    0x4c, 0x46, 0x4f, 0x52, 0x03, 0x00, 0x01, 0x00, 0xd0, 0x03, 0x00, 0x00, 0x05, 0x00, 0x00, 0x00, 
    0xcc, 0xbb, 0xaa, 0x99, 0x88, 0x77, 0x66, 0x55, 0x44, 0x33, 0x22, 0x11, 0x00, 0xff, 0xee, 0xdd, 
    0x48, 0x47, 0x46, 0x45, 0x44, 0x43, 0x42, 0x41, 0x00, 0x00, 0x00, 0x00, 0x00, 0x00, 0x00, 0x00, 
    0x4c, 0x4f, 0x4c, 0x4f, 0x01, 0x00, 0x01, 0x00, 0x80, 0x03, 0x00, 0x00, 0x00, 0x00, 0x00, 0x00, 
    0x00, 0x00, 0x00, 0x00, 0x00, 0x00, 0x00, 0x20, 0x01, 0x01, 0x00, 0x00, 0x00, 0x01, 0x00, 0x20, 
    0x02, 0x02, 0x00, 0x00, 0x00, 0x02, 0x00, 0x20, 0x03, 0x03, 0x00, 0x00, 0x00, 0x03, 0x00, 0x20, 
    0x04, 0x04, 0x00, 0x00, 0x00, 0x04, 0x00, 0x20, 0x05, 0x05, 0x00, 0x00, 0x00, 0x05, 0x00, 0x20, 
    0x06, 0x06, 0x00, 0x00, 0x00, 0x06, 0x00, 0x20, 0x07, 0x07, 0x00, 0x00, 0x00, 0x07, 0x00, 0x20, 
    0x08, 0x08, 0x00, 0x00, 0x00, 0x08, 0x00, 0x20, 0x09, 0x09, 0x00, 0x00, 0x00, 0x09, 0x00, 0x20, 
    0x0a, 0x0a, 0x00, 0x00, 0x00, 0x0a, 0x00, 0x20, 0x0b, 0x0b, 0x00, 0x00, 0x00, 0x0b, 0x00, 0x20, 
    0x0c, 0x0c, 0x00, 0x00, 0x00, 0x0c, 0x00, 0x20, 0x0d, 0x0d, 0x00, 0x00, 0x00, 0x0d, 0x00, 0x20, 
    0x0e, 0x0e, 0x00, 0x00, 0x00, 0x0e, 0x00, 0x20, 0x0f, 0x0f, 0x00, 0x00, 0x00, 0x0f, 0x00, 0x20, 
    0x10, 0x10, 0x00, 0x00, 0x00, 0x10, 0x00, 0x20, 0x11, 0x11, 0x00, 0x00, 0x00, 0x11, 0x00, 0x20, 
    0x12, 0x12, 0x00, 0x00, 0x00, 0x12, 0x00, 0x20, 0x13, 0x13, 0x00, 0x00, 0x00, 0x13, 0x00, 0x20, 
    0x14, 0x14, 0x00, 0x00, 0x00, 0x14, 0x00, 0x20, 0x15, 0x15, 0x00, 0x00, 0x00, 0x15, 0x00, 0x20, 
    0x16, 0x16, 0x00, 0x00, 0x00, 0x16, 0x00, 0x20, 0x17, 0x17, 0x00, 0x00, 0x00, 0x17, 0x00, 0x20, 
    0x18, 0x18, 0x00, 0x00, 0x00, 0x18, 0x00, 0x20, 0x19, 0x19, 0x00, 0x00, 0x00, 0x19, 0x00, 0x20, 
    0x1a, 0x1a, 0x00, 0x00, 0x00, 0x1a, 0x00, 0x20, 0x1b, 0x1b, 0x00, 0x00, 0x00, 0x1b, 0x00, 0x20, 
    0x1c, 0x1c, 0x00, 0x00, 0x00, 0x1c, 0x00, 0x20, 0x1d, 0x1d, 0x00, 0x00, 0x00, 0x1d, 0x00, 0x20, 
    0x1e, 0x1e, 0x00, 0x00, 0x00, 0x1e, 0x00, 0x20, 0x70, 0x66, 0x55, 0x44, 0x33, 0x22, 0x11, 0x00, 
    0x10, 0x10, 0x0f, 0x0e, 0x0d, 0x0c, 0x0b, 0x0a, 0x38, 0x37, 0x36, 0x35, 0x34, 0x33, 0x32, 0x31, 
    0x48, 0x47, 0x46, 0x45, 0x44, 0x43, 0x42, 0x41, 0x58, 0x57, 0x56, 0x55, 0x54, 0x53, 0x52, 0x51, 
    0x00, 0x00, 0x00, 0x00, 0x00, 0x00, 0x00, 0x60, 0x00, 0x00, 0x00, 0x00, 0x00, 0x00, 0x00, 0x70, 
    0x01, 0x00, 0x00, 0x00, 0x01, 0x00, 0x00, 0x60, 0x01, 0x00, 0x00, 0x00, 0x01, 0x00, 0x00, 0x70, 
    0x02, 0x00, 0x00, 0x00, 0x02, 0x00, 0x00, 0x60, 0x02, 0x00, 0x00, 0x00, 0x02, 0x00, 0x00, 0x70, 
    0x03, 0x00, 0x00, 0x00, 0x03, 0x00, 0x00, 0x60, 0x03, 0x00, 0x00, 0x00, 0x03, 0x00, 0x00, 0x70, 
    0x04, 0x00, 0x00, 0x00, 0x04, 0x00, 0x00, 0x60, 0x04, 0x00, 0x00, 0x00, 0x04, 0x00, 0x00, 0x70, 
    0x05, 0x00, 0x00, 0x00, 0x05, 0x00, 0x00, 0x60, 0x05, 0x00, 0x00, 0x00, 0x05, 0x00, 0x00, 0x70, 
    0x06, 0x00, 0x00, 0x00, 0x06, 0x00, 0x00, 0x60, 0x06, 0x00, 0x00, 0x00, 0x06, 0x00, 0x00, 0x70, 
    0x07, 0x00, 0x00, 0x00, 0x07, 0x00, 0x00, 0x60, 0x07, 0x00, 0x00, 0x00, 0x07, 0x00, 0x00, 0x70, 
    0x08, 0x00, 0x00, 0x00, 0x08, 0x00, 0x00, 0x60, 0x08, 0x00, 0x00, 0x00, 0x08, 0x00, 0x00, 0x70, 
    0x09, 0x00, 0x00, 0x00, 0x09, 0x00, 0x00, 0x60, 0x09, 0x00, 0x00, 0x00, 0x09, 0x00, 0x00, 0x70, 
    0x0a, 0x00, 0x00, 0x00, 0x0a, 0x00, 0x00, 0x60, 0x0a, 0x00, 0x00, 0x00, 0x0a, 0x00, 0x00, 0x70, 
    0x0b, 0x00, 0x00, 0x00, 0x0b, 0x00, 0x00, 0x60, 0x0b, 0x00, 0x00, 0x00, 0x0b, 0x00, 0x00, 0x70, 
    0x0c, 0x00, 0x00, 0x00, 0x0c, 0x00, 0x00, 0x60, 0x0c, 0x00, 0x00, 0x00, 0x0c, 0x00, 0x00, 0x70, 
    0x0d, 0x00, 0x00, 0x00, 0x0d, 0x00, 0x00, 0x60, 0x0d, 0x00, 0x00, 0x00, 0x0d, 0x00, 0x00, 0x70, 
    0x0e, 0x00, 0x00, 0x00, 0x0e, 0x00, 0x00, 0x60, 0x0e, 0x00, 0x00, 0x00, 0x0e, 0x00, 0x00, 0x70, 
    0x0f, 0x00, 0x00, 0x00, 0x0f, 0x00, 0x00, 0x60, 0x0f, 0x00, 0x00, 0x00, 0x0f, 0x00, 0x00, 0x70, 
    0x10, 0x00, 0x00, 0x00, 0x10, 0x00, 0x00, 0x60, 0x10, 0x00, 0x00, 0x00, 0x10, 0x00, 0x00, 0x70, 
    0x11, 0x00, 0x00, 0x00, 0x11, 0x00, 0x00, 0x60, 0x11, 0x00, 0x00, 0x00, 0x11, 0x00, 0x00, 0x70, 
    0x12, 0x00, 0x00, 0x00, 0x12, 0x00, 0x00, 0x60, 0x12, 0x00, 0x00, 0x00, 0x12, 0x00, 0x00, 0x70, 
    0x13, 0x00, 0x00, 0x00, 0x13, 0x00, 0x00, 0x60, 0x13, 0x00, 0x00, 0x00, 0x13, 0x00, 0x00, 0x70, 
    0x14, 0x00, 0x00, 0x00, 0x14, 0x00, 0x00, 0x60, 0x14, 0x00, 0x00, 0x00, 0x14, 0x00, 0x00, 0x70, 
    0x15, 0x00, 0x00, 0x00, 0x15, 0x00, 0x00, 0x60, 0x15, 0x00, 0x00, 0x00, 0x15, 0x00, 0x00, 0x70, 
    0x16, 0x00, 0x00, 0x00, 0x16, 0x00, 0x00, 0x60, 0x16, 0x00, 0x00, 0x00, 0x16, 0x00, 0x00, 0x70, 
    0x17, 0x00, 0x00, 0x00, 0x17, 0x00, 0x00, 0x60, 0x17, 0x00, 0x00, 0x00, 0x17, 0x00, 0x00, 0x70, 
    0x18, 0x00, 0x00, 0x00, 0x18, 0x00, 0x00, 0x60, 0x18, 0x00, 0x00, 0x00, 0x18, 0x00, 0x00, 0x70, 
    0x19, 0x00, 0x00, 0x00, 0x19, 0x00, 0x00, 0x60, 0x19, 0x00, 0x00, 0x00, 0x19, 0x00, 0x00, 0x70, 
    0x1a, 0x00, 0x00, 0x00, 0x1a, 0x00, 0x00, 0x60, 0x1a, 0x00, 0x00, 0x00, 0x1a, 0x00, 0x00, 0x70, 
    0x1b, 0x00, 0x00, 0x00, 0x1b, 0x00, 0x00, 0x60, 0x1b, 0x00, 0x00, 0x00, 0x1b, 0x00, 0x00, 0x70, 
    0x1c, 0x00, 0x00, 0x00, 0x1c, 0x00, 0x00, 0x60, 0x1c, 0x00, 0x00, 0x00, 0x1c, 0x00, 0x00, 0x70, 
    0x1d, 0x00, 0x00, 0x00, 0x1d, 0x00, 0x00, 0x60, 0x1d, 0x00, 0x00, 0x00, 0x1d, 0x00, 0x00, 0x70, 
    0x1e, 0x00, 0x00, 0x00, 0x1e, 0x00, 0x00, 0x60, 0x1e, 0x00, 0x00, 0x00, 0x1e, 0x00, 0x00, 0x70, 
    0x1f, 0x00, 0x00, 0x00, 0x1f, 0x00, 0x00, 0x60, 0x1f, 0x00, 0x00, 0x00, 0x1f, 0x00, 0x00, 0x70, 
    0x84, 0x83, 0x82, 0x81, 0x94, 0x93, 0x92, 0x91, 0xa4, 0xa3, 0xa2, 0xa1, 0xb4, 0xb3, 0xb2, 0xb1, 
    0xc8, 0xc7, 0xc6, 0xc5, 0xc4, 0xc3, 0xc2, 0xc1, 0xd8, 0xd7, 0xd6, 0xd5, 0xd4, 0xd3, 0xd2, 0xd1, 
    0xe8, 0xe7, 0xe6, 0xe5, 0xe4, 0xe3, 0xe2, 0xe1, 0x00, 0x00, 0x00, 0x00, 0x00, 0x00, 0x00, 0x00, 
    0x00, 0x00, 0x00, 0x00, 0x00, 0x00, 0x00, 0x00, 0x00, 0x00, 0x00, 0x00, 0x00, 0x00, 0x00, 0x00, 
    0x00, 0x00, 0x00, 0x00, 0x00, 0x00, 0x00, 0x00, 0x00, 0x00, 0x00, 0x00, 0x00, 0x00, 0x00, 0x00, 
    0x01, 0x00, 0x00, 0x00, 0x00, 0x00, 0x00, 0x00, 0x00, 0x00, 0x00, 0x00, 0x00, 0x00, 0x00, 0x00, 
    0x00, 0x00, 0x00, 0x00, 0x00, 0x00, 0x00, 0x00, 0x00, 0x00, 0x00, 0x00, 0x00, 0x00, 0x00, 0x00, 
];

const GOLDEN_V3_WAIT_INTERRUPTED: [u8; 976] = [
    0x4c, 0x46, 0x4f, 0x52, 0x03, 0x00, 0x01, 0x00, 0xd0, 0x03, 0x00, 0x00, 0x05, 0x00, 0x00, 0x00, 
    0xcc, 0xbb, 0xaa, 0x99, 0x88, 0x77, 0x66, 0x55, 0x44, 0x33, 0x22, 0x11, 0x00, 0xff, 0xee, 0xdd, 
    0x48, 0x47, 0x46, 0x45, 0x44, 0x43, 0x42, 0x41, 0x00, 0x00, 0x00, 0x00, 0x00, 0x00, 0x00, 0x00, 
    0x4c, 0x4f, 0x4c, 0x4f, 0x01, 0x00, 0x01, 0x00, 0x80, 0x03, 0x00, 0x00, 0x00, 0x00, 0x00, 0x00, 
    0x00, 0x00, 0x00, 0x00, 0x00, 0x00, 0x00, 0x20, 0x01, 0x01, 0x00, 0x00, 0x00, 0x01, 0x00, 0x20, 
    0x02, 0x02, 0x00, 0x00, 0x00, 0x02, 0x00, 0x20, 0x03, 0x03, 0x00, 0x00, 0x00, 0x03, 0x00, 0x20, 
    0x04, 0x04, 0x00, 0x00, 0x00, 0x04, 0x00, 0x20, 0x05, 0x05, 0x00, 0x00, 0x00, 0x05, 0x00, 0x20, 
    0x06, 0x06, 0x00, 0x00, 0x00, 0x06, 0x00, 0x20, 0x07, 0x07, 0x00, 0x00, 0x00, 0x07, 0x00, 0x20, 
    0x08, 0x08, 0x00, 0x00, 0x00, 0x08, 0x00, 0x20, 0x09, 0x09, 0x00, 0x00, 0x00, 0x09, 0x00, 0x20, 
    0x0a, 0x0a, 0x00, 0x00, 0x00, 0x0a, 0x00, 0x20, 0x0b, 0x0b, 0x00, 0x00, 0x00, 0x0b, 0x00, 0x20, 
    0x0c, 0x0c, 0x00, 0x00, 0x00, 0x0c, 0x00, 0x20, 0x0d, 0x0d, 0x00, 0x00, 0x00, 0x0d, 0x00, 0x20, 
    0x0e, 0x0e, 0x00, 0x00, 0x00, 0x0e, 0x00, 0x20, 0x0f, 0x0f, 0x00, 0x00, 0x00, 0x0f, 0x00, 0x20, 
    0x10, 0x10, 0x00, 0x00, 0x00, 0x10, 0x00, 0x20, 0x11, 0x11, 0x00, 0x00, 0x00, 0x11, 0x00, 0x20, 
    0x12, 0x12, 0x00, 0x00, 0x00, 0x12, 0x00, 0x20, 0x13, 0x13, 0x00, 0x00, 0x00, 0x13, 0x00, 0x20, 
    0x14, 0x14, 0x00, 0x00, 0x00, 0x14, 0x00, 0x20, 0x15, 0x15, 0x00, 0x00, 0x00, 0x15, 0x00, 0x20, 
    0x16, 0x16, 0x00, 0x00, 0x00, 0x16, 0x00, 0x20, 0x17, 0x17, 0x00, 0x00, 0x00, 0x17, 0x00, 0x20, 
    0x18, 0x18, 0x00, 0x00, 0x00, 0x18, 0x00, 0x20, 0x19, 0x19, 0x00, 0x00, 0x00, 0x19, 0x00, 0x20, 
    0x1a, 0x1a, 0x00, 0x00, 0x00, 0x1a, 0x00, 0x20, 0x1b, 0x1b, 0x00, 0x00, 0x00, 0x1b, 0x00, 0x20, 
    0x1c, 0x1c, 0x00, 0x00, 0x00, 0x1c, 0x00, 0x20, 0x1d, 0x1d, 0x00, 0x00, 0x00, 0x1d, 0x00, 0x20, 
    0x1e, 0x1e, 0x00, 0x00, 0x00, 0x1e, 0x00, 0x20, 0x70, 0x66, 0x55, 0x44, 0x33, 0x22, 0x11, 0x00, 
    0x10, 0x10, 0x0f, 0x0e, 0x0d, 0x0c, 0x0b, 0x0a, 0x38, 0x37, 0x36, 0x35, 0x34, 0x33, 0x32, 0x31, 
    0x48, 0x47, 0x46, 0x45, 0x44, 0x43, 0x42, 0x41, 0x58, 0x57, 0x56, 0x55, 0x54, 0x53, 0x52, 0x51, 
    0x00, 0x00, 0x00, 0x00, 0x00, 0x00, 0x00, 0x60, 0x00, 0x00, 0x00, 0x00, 0x00, 0x00, 0x00, 0x70, 
    0x01, 0x00, 0x00, 0x00, 0x01, 0x00, 0x00, 0x60, 0x01, 0x00, 0x00, 0x00, 0x01, 0x00, 0x00, 0x70, 
    0x02, 0x00, 0x00, 0x00, 0x02, 0x00, 0x00, 0x60, 0x02, 0x00, 0x00, 0x00, 0x02, 0x00, 0x00, 0x70, 
    0x03, 0x00, 0x00, 0x00, 0x03, 0x00, 0x00, 0x60, 0x03, 0x00, 0x00, 0x00, 0x03, 0x00, 0x00, 0x70, 
    0x04, 0x00, 0x00, 0x00, 0x04, 0x00, 0x00, 0x60, 0x04, 0x00, 0x00, 0x00, 0x04, 0x00, 0x00, 0x70, 
    0x05, 0x00, 0x00, 0x00, 0x05, 0x00, 0x00, 0x60, 0x05, 0x00, 0x00, 0x00, 0x05, 0x00, 0x00, 0x70, 
    0x06, 0x00, 0x00, 0x00, 0x06, 0x00, 0x00, 0x60, 0x06, 0x00, 0x00, 0x00, 0x06, 0x00, 0x00, 0x70, 
    0x07, 0x00, 0x00, 0x00, 0x07, 0x00, 0x00, 0x60, 0x07, 0x00, 0x00, 0x00, 0x07, 0x00, 0x00, 0x70, 
    0x08, 0x00, 0x00, 0x00, 0x08, 0x00, 0x00, 0x60, 0x08, 0x00, 0x00, 0x00, 0x08, 0x00, 0x00, 0x70, 
    0x09, 0x00, 0x00, 0x00, 0x09, 0x00, 0x00, 0x60, 0x09, 0x00, 0x00, 0x00, 0x09, 0x00, 0x00, 0x70, 
    0x0a, 0x00, 0x00, 0x00, 0x0a, 0x00, 0x00, 0x60, 0x0a, 0x00, 0x00, 0x00, 0x0a, 0x00, 0x00, 0x70, 
    0x0b, 0x00, 0x00, 0x00, 0x0b, 0x00, 0x00, 0x60, 0x0b, 0x00, 0x00, 0x00, 0x0b, 0x00, 0x00, 0x70, 
    0x0c, 0x00, 0x00, 0x00, 0x0c, 0x00, 0x00, 0x60, 0x0c, 0x00, 0x00, 0x00, 0x0c, 0x00, 0x00, 0x70, 
    0x0d, 0x00, 0x00, 0x00, 0x0d, 0x00, 0x00, 0x60, 0x0d, 0x00, 0x00, 0x00, 0x0d, 0x00, 0x00, 0x70, 
    0x0e, 0x00, 0x00, 0x00, 0x0e, 0x00, 0x00, 0x60, 0x0e, 0x00, 0x00, 0x00, 0x0e, 0x00, 0x00, 0x70, 
    0x0f, 0x00, 0x00, 0x00, 0x0f, 0x00, 0x00, 0x60, 0x0f, 0x00, 0x00, 0x00, 0x0f, 0x00, 0x00, 0x70, 
    0x10, 0x00, 0x00, 0x00, 0x10, 0x00, 0x00, 0x60, 0x10, 0x00, 0x00, 0x00, 0x10, 0x00, 0x00, 0x70, 
    0x11, 0x00, 0x00, 0x00, 0x11, 0x00, 0x00, 0x60, 0x11, 0x00, 0x00, 0x00, 0x11, 0x00, 0x00, 0x70, 
    0x12, 0x00, 0x00, 0x00, 0x12, 0x00, 0x00, 0x60, 0x12, 0x00, 0x00, 0x00, 0x12, 0x00, 0x00, 0x70, 
    0x13, 0x00, 0x00, 0x00, 0x13, 0x00, 0x00, 0x60, 0x13, 0x00, 0x00, 0x00, 0x13, 0x00, 0x00, 0x70, 
    0x14, 0x00, 0x00, 0x00, 0x14, 0x00, 0x00, 0x60, 0x14, 0x00, 0x00, 0x00, 0x14, 0x00, 0x00, 0x70, 
    0x15, 0x00, 0x00, 0x00, 0x15, 0x00, 0x00, 0x60, 0x15, 0x00, 0x00, 0x00, 0x15, 0x00, 0x00, 0x70, 
    0x16, 0x00, 0x00, 0x00, 0x16, 0x00, 0x00, 0x60, 0x16, 0x00, 0x00, 0x00, 0x16, 0x00, 0x00, 0x70, 
    0x17, 0x00, 0x00, 0x00, 0x17, 0x00, 0x00, 0x60, 0x17, 0x00, 0x00, 0x00, 0x17, 0x00, 0x00, 0x70, 
    0x18, 0x00, 0x00, 0x00, 0x18, 0x00, 0x00, 0x60, 0x18, 0x00, 0x00, 0x00, 0x18, 0x00, 0x00, 0x70, 
    0x19, 0x00, 0x00, 0x00, 0x19, 0x00, 0x00, 0x60, 0x19, 0x00, 0x00, 0x00, 0x19, 0x00, 0x00, 0x70, 
    0x1a, 0x00, 0x00, 0x00, 0x1a, 0x00, 0x00, 0x60, 0x1a, 0x00, 0x00, 0x00, 0x1a, 0x00, 0x00, 0x70, 
    0x1b, 0x00, 0x00, 0x00, 0x1b, 0x00, 0x00, 0x60, 0x1b, 0x00, 0x00, 0x00, 0x1b, 0x00, 0x00, 0x70, 
    0x1c, 0x00, 0x00, 0x00, 0x1c, 0x00, 0x00, 0x60, 0x1c, 0x00, 0x00, 0x00, 0x1c, 0x00, 0x00, 0x70, 
    0x1d, 0x00, 0x00, 0x00, 0x1d, 0x00, 0x00, 0x60, 0x1d, 0x00, 0x00, 0x00, 0x1d, 0x00, 0x00, 0x70, 
    0x1e, 0x00, 0x00, 0x00, 0x1e, 0x00, 0x00, 0x60, 0x1e, 0x00, 0x00, 0x00, 0x1e, 0x00, 0x00, 0x70, 
    0x1f, 0x00, 0x00, 0x00, 0x1f, 0x00, 0x00, 0x60, 0x1f, 0x00, 0x00, 0x00, 0x1f, 0x00, 0x00, 0x70, 
    0x84, 0x83, 0x82, 0x81, 0x94, 0x93, 0x92, 0x91, 0xa4, 0xa3, 0xa2, 0xa1, 0xb4, 0xb3, 0xb2, 0xb1, 
    0xc8, 0xc7, 0xc6, 0xc5, 0xc4, 0xc3, 0xc2, 0xc1, 0xd8, 0xd7, 0xd6, 0xd5, 0xd4, 0xd3, 0xd2, 0xd1, 
    0xe8, 0xe7, 0xe6, 0xe5, 0xe4, 0xe3, 0xe2, 0xe1, 0x00, 0x00, 0x00, 0x00, 0x00, 0x00, 0x00, 0x00, 
    0x00, 0x00, 0x00, 0x00, 0x00, 0x00, 0x00, 0x00, 0x00, 0x00, 0x00, 0x00, 0x00, 0x00, 0x00, 0x00, 
    0x00, 0x00, 0x00, 0x00, 0x00, 0x00, 0x00, 0x00, 0x00, 0x00, 0x00, 0x00, 0x00, 0x00, 0x00, 0x00, 
    0x02, 0x00, 0x00, 0x00, 0x00, 0x00, 0x00, 0x00, 0x00, 0x00, 0x00, 0x00, 0x00, 0x00, 0x00, 0x00, 
    0x00, 0x00, 0x00, 0x00, 0x00, 0x00, 0x00, 0x00, 0x00, 0x00, 0x00, 0x00, 0x00, 0x00, 0x00, 0x00, 
];

const GOLDEN_V3_WAIT_MAPPING_INVALIDATED: [u8; 976] = [
    0x4c, 0x46, 0x4f, 0x52, 0x03, 0x00, 0x01, 0x00, 0xd0, 0x03, 0x00, 0x00, 0x05, 0x00, 0x00, 0x00, 
    0xcc, 0xbb, 0xaa, 0x99, 0x88, 0x77, 0x66, 0x55, 0x44, 0x33, 0x22, 0x11, 0x00, 0xff, 0xee, 0xdd, 
    0x48, 0x47, 0x46, 0x45, 0x44, 0x43, 0x42, 0x41, 0x00, 0x00, 0x00, 0x00, 0x00, 0x00, 0x00, 0x00, 
    0x4c, 0x4f, 0x4c, 0x4f, 0x01, 0x00, 0x01, 0x00, 0x80, 0x03, 0x00, 0x00, 0x00, 0x00, 0x00, 0x00, 
    0x00, 0x00, 0x00, 0x00, 0x00, 0x00, 0x00, 0x20, 0x01, 0x01, 0x00, 0x00, 0x00, 0x01, 0x00, 0x20, 
    0x02, 0x02, 0x00, 0x00, 0x00, 0x02, 0x00, 0x20, 0x03, 0x03, 0x00, 0x00, 0x00, 0x03, 0x00, 0x20, 
    0x04, 0x04, 0x00, 0x00, 0x00, 0x04, 0x00, 0x20, 0x05, 0x05, 0x00, 0x00, 0x00, 0x05, 0x00, 0x20, 
    0x06, 0x06, 0x00, 0x00, 0x00, 0x06, 0x00, 0x20, 0x07, 0x07, 0x00, 0x00, 0x00, 0x07, 0x00, 0x20, 
    0x08, 0x08, 0x00, 0x00, 0x00, 0x08, 0x00, 0x20, 0x09, 0x09, 0x00, 0x00, 0x00, 0x09, 0x00, 0x20, 
    0x0a, 0x0a, 0x00, 0x00, 0x00, 0x0a, 0x00, 0x20, 0x0b, 0x0b, 0x00, 0x00, 0x00, 0x0b, 0x00, 0x20, 
    0x0c, 0x0c, 0x00, 0x00, 0x00, 0x0c, 0x00, 0x20, 0x0d, 0x0d, 0x00, 0x00, 0x00, 0x0d, 0x00, 0x20, 
    0x0e, 0x0e, 0x00, 0x00, 0x00, 0x0e, 0x00, 0x20, 0x0f, 0x0f, 0x00, 0x00, 0x00, 0x0f, 0x00, 0x20, 
    0x10, 0x10, 0x00, 0x00, 0x00, 0x10, 0x00, 0x20, 0x11, 0x11, 0x00, 0x00, 0x00, 0x11, 0x00, 0x20, 
    0x12, 0x12, 0x00, 0x00, 0x00, 0x12, 0x00, 0x20, 0x13, 0x13, 0x00, 0x00, 0x00, 0x13, 0x00, 0x20, 
    0x14, 0x14, 0x00, 0x00, 0x00, 0x14, 0x00, 0x20, 0x15, 0x15, 0x00, 0x00, 0x00, 0x15, 0x00, 0x20, 
    0x16, 0x16, 0x00, 0x00, 0x00, 0x16, 0x00, 0x20, 0x17, 0x17, 0x00, 0x00, 0x00, 0x17, 0x00, 0x20, 
    0x18, 0x18, 0x00, 0x00, 0x00, 0x18, 0x00, 0x20, 0x19, 0x19, 0x00, 0x00, 0x00, 0x19, 0x00, 0x20, 
    0x1a, 0x1a, 0x00, 0x00, 0x00, 0x1a, 0x00, 0x20, 0x1b, 0x1b, 0x00, 0x00, 0x00, 0x1b, 0x00, 0x20, 
    0x1c, 0x1c, 0x00, 0x00, 0x00, 0x1c, 0x00, 0x20, 0x1d, 0x1d, 0x00, 0x00, 0x00, 0x1d, 0x00, 0x20, 
    0x1e, 0x1e, 0x00, 0x00, 0x00, 0x1e, 0x00, 0x20, 0x70, 0x66, 0x55, 0x44, 0x33, 0x22, 0x11, 0x00, 
    0x10, 0x10, 0x0f, 0x0e, 0x0d, 0x0c, 0x0b, 0x0a, 0x38, 0x37, 0x36, 0x35, 0x34, 0x33, 0x32, 0x31, 
    0x48, 0x47, 0x46, 0x45, 0x44, 0x43, 0x42, 0x41, 0x58, 0x57, 0x56, 0x55, 0x54, 0x53, 0x52, 0x51, 
    0x00, 0x00, 0x00, 0x00, 0x00, 0x00, 0x00, 0x60, 0x00, 0x00, 0x00, 0x00, 0x00, 0x00, 0x00, 0x70, 
    0x01, 0x00, 0x00, 0x00, 0x01, 0x00, 0x00, 0x60, 0x01, 0x00, 0x00, 0x00, 0x01, 0x00, 0x00, 0x70, 
    0x02, 0x00, 0x00, 0x00, 0x02, 0x00, 0x00, 0x60, 0x02, 0x00, 0x00, 0x00, 0x02, 0x00, 0x00, 0x70, 
    0x03, 0x00, 0x00, 0x00, 0x03, 0x00, 0x00, 0x60, 0x03, 0x00, 0x00, 0x00, 0x03, 0x00, 0x00, 0x70, 
    0x04, 0x00, 0x00, 0x00, 0x04, 0x00, 0x00, 0x60, 0x04, 0x00, 0x00, 0x00, 0x04, 0x00, 0x00, 0x70, 
    0x05, 0x00, 0x00, 0x00, 0x05, 0x00, 0x00, 0x60, 0x05, 0x00, 0x00, 0x00, 0x05, 0x00, 0x00, 0x70, 
    0x06, 0x00, 0x00, 0x00, 0x06, 0x00, 0x00, 0x60, 0x06, 0x00, 0x00, 0x00, 0x06, 0x00, 0x00, 0x70, 
    0x07, 0x00, 0x00, 0x00, 0x07, 0x00, 0x00, 0x60, 0x07, 0x00, 0x00, 0x00, 0x07, 0x00, 0x00, 0x70, 
    0x08, 0x00, 0x00, 0x00, 0x08, 0x00, 0x00, 0x60, 0x08, 0x00, 0x00, 0x00, 0x08, 0x00, 0x00, 0x70, 
    0x09, 0x00, 0x00, 0x00, 0x09, 0x00, 0x00, 0x60, 0x09, 0x00, 0x00, 0x00, 0x09, 0x00, 0x00, 0x70, 
    0x0a, 0x00, 0x00, 0x00, 0x0a, 0x00, 0x00, 0x60, 0x0a, 0x00, 0x00, 0x00, 0x0a, 0x00, 0x00, 0x70, 
    0x0b, 0x00, 0x00, 0x00, 0x0b, 0x00, 0x00, 0x60, 0x0b, 0x00, 0x00, 0x00, 0x0b, 0x00, 0x00, 0x70, 
    0x0c, 0x00, 0x00, 0x00, 0x0c, 0x00, 0x00, 0x60, 0x0c, 0x00, 0x00, 0x00, 0x0c, 0x00, 0x00, 0x70, 
    0x0d, 0x00, 0x00, 0x00, 0x0d, 0x00, 0x00, 0x60, 0x0d, 0x00, 0x00, 0x00, 0x0d, 0x00, 0x00, 0x70, 
    0x0e, 0x00, 0x00, 0x00, 0x0e, 0x00, 0x00, 0x60, 0x0e, 0x00, 0x00, 0x00, 0x0e, 0x00, 0x00, 0x70, 
    0x0f, 0x00, 0x00, 0x00, 0x0f, 0x00, 0x00, 0x60, 0x0f, 0x00, 0x00, 0x00, 0x0f, 0x00, 0x00, 0x70, 
    0x10, 0x00, 0x00, 0x00, 0x10, 0x00, 0x00, 0x60, 0x10, 0x00, 0x00, 0x00, 0x10, 0x00, 0x00, 0x70, 
    0x11, 0x00, 0x00, 0x00, 0x11, 0x00, 0x00, 0x60, 0x11, 0x00, 0x00, 0x00, 0x11, 0x00, 0x00, 0x70, 
    0x12, 0x00, 0x00, 0x00, 0x12, 0x00, 0x00, 0x60, 0x12, 0x00, 0x00, 0x00, 0x12, 0x00, 0x00, 0x70, 
    0x13, 0x00, 0x00, 0x00, 0x13, 0x00, 0x00, 0x60, 0x13, 0x00, 0x00, 0x00, 0x13, 0x00, 0x00, 0x70, 
    0x14, 0x00, 0x00, 0x00, 0x14, 0x00, 0x00, 0x60, 0x14, 0x00, 0x00, 0x00, 0x14, 0x00, 0x00, 0x70, 
    0x15, 0x00, 0x00, 0x00, 0x15, 0x00, 0x00, 0x60, 0x15, 0x00, 0x00, 0x00, 0x15, 0x00, 0x00, 0x70, 
    0x16, 0x00, 0x00, 0x00, 0x16, 0x00, 0x00, 0x60, 0x16, 0x00, 0x00, 0x00, 0x16, 0x00, 0x00, 0x70, 
    0x17, 0x00, 0x00, 0x00, 0x17, 0x00, 0x00, 0x60, 0x17, 0x00, 0x00, 0x00, 0x17, 0x00, 0x00, 0x70, 
    0x18, 0x00, 0x00, 0x00, 0x18, 0x00, 0x00, 0x60, 0x18, 0x00, 0x00, 0x00, 0x18, 0x00, 0x00, 0x70, 
    0x19, 0x00, 0x00, 0x00, 0x19, 0x00, 0x00, 0x60, 0x19, 0x00, 0x00, 0x00, 0x19, 0x00, 0x00, 0x70, 
    0x1a, 0x00, 0x00, 0x00, 0x1a, 0x00, 0x00, 0x60, 0x1a, 0x00, 0x00, 0x00, 0x1a, 0x00, 0x00, 0x70, 
    0x1b, 0x00, 0x00, 0x00, 0x1b, 0x00, 0x00, 0x60, 0x1b, 0x00, 0x00, 0x00, 0x1b, 0x00, 0x00, 0x70, 
    0x1c, 0x00, 0x00, 0x00, 0x1c, 0x00, 0x00, 0x60, 0x1c, 0x00, 0x00, 0x00, 0x1c, 0x00, 0x00, 0x70, 
    0x1d, 0x00, 0x00, 0x00, 0x1d, 0x00, 0x00, 0x60, 0x1d, 0x00, 0x00, 0x00, 0x1d, 0x00, 0x00, 0x70, 
    0x1e, 0x00, 0x00, 0x00, 0x1e, 0x00, 0x00, 0x60, 0x1e, 0x00, 0x00, 0x00, 0x1e, 0x00, 0x00, 0x70, 
    0x1f, 0x00, 0x00, 0x00, 0x1f, 0x00, 0x00, 0x60, 0x1f, 0x00, 0x00, 0x00, 0x1f, 0x00, 0x00, 0x70, 
    0x84, 0x83, 0x82, 0x81, 0x94, 0x93, 0x92, 0x91, 0xa4, 0xa3, 0xa2, 0xa1, 0xb4, 0xb3, 0xb2, 0xb1, 
    0xc8, 0xc7, 0xc6, 0xc5, 0xc4, 0xc3, 0xc2, 0xc1, 0xd8, 0xd7, 0xd6, 0xd5, 0xd4, 0xd3, 0xd2, 0xd1, 
    0xe8, 0xe7, 0xe6, 0xe5, 0xe4, 0xe3, 0xe2, 0xe1, 0x00, 0x00, 0x00, 0x00, 0x00, 0x00, 0x00, 0x00, 
    0x00, 0x00, 0x00, 0x00, 0x00, 0x00, 0x00, 0x00, 0x00, 0x00, 0x00, 0x00, 0x00, 0x00, 0x00, 0x00, 
    0x00, 0x00, 0x00, 0x00, 0x00, 0x00, 0x00, 0x00, 0x00, 0x00, 0x00, 0x00, 0x00, 0x00, 0x00, 0x00, 
    0x03, 0x00, 0x00, 0x00, 0x00, 0x00, 0x00, 0x00, 0x00, 0x00, 0x00, 0x00, 0x00, 0x00, 0x00, 0x00, 
    0x00, 0x00, 0x00, 0x00, 0x00, 0x00, 0x00, 0x00, 0x00, 0x00, 0x00, 0x00, 0x00, 0x00, 0x00, 0x00, 
];

const GOLDEN_V4_WAIT_COMPLETE: [u8; 976] = [
    0x4c, 0x46, 0x4f, 0x52, 0x04, 0x00, 0x01, 0x00, 0xd0, 0x03, 0x00, 0x00, 0x05, 0x00, 0x00, 0x00, 
    0xdd, 0xcc, 0xbb, 0xaa, 0x99, 0x88, 0x77, 0x66, 0x55, 0x44, 0x33, 0x22, 0x11, 0x00, 0xff, 0xee, 
    0x58, 0x57, 0x56, 0x55, 0x54, 0x53, 0x52, 0x51, 0x00, 0x00, 0x00, 0x00, 0x00, 0x00, 0x00, 0x00, 
    0x4c, 0x4f, 0x4c, 0x4f, 0x01, 0x00, 0x01, 0x00, 0x80, 0x03, 0x00, 0x00, 0x00, 0x00, 0x00, 0x00, 
    0x00, 0x00, 0x00, 0x00, 0x00, 0x00, 0x00, 0x20, 0x01, 0x01, 0x00, 0x00, 0x00, 0x01, 0x00, 0x20, 
    0x02, 0x02, 0x00, 0x00, 0x00, 0x02, 0x00, 0x20, 0x03, 0x03, 0x00, 0x00, 0x00, 0x03, 0x00, 0x20, 
    0x04, 0x04, 0x00, 0x00, 0x00, 0x04, 0x00, 0x20, 0x05, 0x05, 0x00, 0x00, 0x00, 0x05, 0x00, 0x20, 
    0x06, 0x06, 0x00, 0x00, 0x00, 0x06, 0x00, 0x20, 0x07, 0x07, 0x00, 0x00, 0x00, 0x07, 0x00, 0x20, 
    0x08, 0x08, 0x00, 0x00, 0x00, 0x08, 0x00, 0x20, 0x09, 0x09, 0x00, 0x00, 0x00, 0x09, 0x00, 0x20, 
    0x0a, 0x0a, 0x00, 0x00, 0x00, 0x0a, 0x00, 0x20, 0x0b, 0x0b, 0x00, 0x00, 0x00, 0x0b, 0x00, 0x20, 
    0x0c, 0x0c, 0x00, 0x00, 0x00, 0x0c, 0x00, 0x20, 0x0d, 0x0d, 0x00, 0x00, 0x00, 0x0d, 0x00, 0x20, 
    0x0e, 0x0e, 0x00, 0x00, 0x00, 0x0e, 0x00, 0x20, 0x0f, 0x0f, 0x00, 0x00, 0x00, 0x0f, 0x00, 0x20, 
    0x10, 0x10, 0x00, 0x00, 0x00, 0x10, 0x00, 0x20, 0x11, 0x11, 0x00, 0x00, 0x00, 0x11, 0x00, 0x20, 
    0x12, 0x12, 0x00, 0x00, 0x00, 0x12, 0x00, 0x20, 0x13, 0x13, 0x00, 0x00, 0x00, 0x13, 0x00, 0x20, 
    0x14, 0x14, 0x00, 0x00, 0x00, 0x14, 0x00, 0x20, 0x15, 0x15, 0x00, 0x00, 0x00, 0x15, 0x00, 0x20, 
    0x16, 0x16, 0x00, 0x00, 0x00, 0x16, 0x00, 0x20, 0x17, 0x17, 0x00, 0x00, 0x00, 0x17, 0x00, 0x20, 
    0x18, 0x18, 0x00, 0x00, 0x00, 0x18, 0x00, 0x20, 0x19, 0x19, 0x00, 0x00, 0x00, 0x19, 0x00, 0x20, 
    0x1a, 0x1a, 0x00, 0x00, 0x00, 0x1a, 0x00, 0x20, 0x1b, 0x1b, 0x00, 0x00, 0x00, 0x1b, 0x00, 0x20, 
    0x1c, 0x1c, 0x00, 0x00, 0x00, 0x1c, 0x00, 0x20, 0x1d, 0x1d, 0x00, 0x00, 0x00, 0x1d, 0x00, 0x20, 
    0x1e, 0x1e, 0x00, 0x00, 0x00, 0x1e, 0x00, 0x20, 0x70, 0x66, 0x55, 0x44, 0x33, 0x22, 0x11, 0x00, 
    0x10, 0x10, 0x0f, 0x0e, 0x0d, 0x0c, 0x0b, 0x0a, 0x38, 0x37, 0x36, 0x35, 0x34, 0x33, 0x32, 0x31, 
    0x48, 0x47, 0x46, 0x45, 0x44, 0x43, 0x42, 0x41, 0x58, 0x57, 0x56, 0x55, 0x54, 0x53, 0x52, 0x51, 
    0x00, 0x00, 0x00, 0x00, 0x00, 0x00, 0x00, 0x60, 0x00, 0x00, 0x00, 0x00, 0x00, 0x00, 0x00, 0x70, 
    0x01, 0x00, 0x00, 0x00, 0x01, 0x00, 0x00, 0x60, 0x01, 0x00, 0x00, 0x00, 0x01, 0x00, 0x00, 0x70, 
    0x02, 0x00, 0x00, 0x00, 0x02, 0x00, 0x00, 0x60, 0x02, 0x00, 0x00, 0x00, 0x02, 0x00, 0x00, 0x70, 
    0x03, 0x00, 0x00, 0x00, 0x03, 0x00, 0x00, 0x60, 0x03, 0x00, 0x00, 0x00, 0x03, 0x00, 0x00, 0x70, 
    0x04, 0x00, 0x00, 0x00, 0x04, 0x00, 0x00, 0x60, 0x04, 0x00, 0x00, 0x00, 0x04, 0x00, 0x00, 0x70, 
    0x05, 0x00, 0x00, 0x00, 0x05, 0x00, 0x00, 0x60, 0x05, 0x00, 0x00, 0x00, 0x05, 0x00, 0x00, 0x70, 
    0x06, 0x00, 0x00, 0x00, 0x06, 0x00, 0x00, 0x60, 0x06, 0x00, 0x00, 0x00, 0x06, 0x00, 0x00, 0x70, 
    0x07, 0x00, 0x00, 0x00, 0x07, 0x00, 0x00, 0x60, 0x07, 0x00, 0x00, 0x00, 0x07, 0x00, 0x00, 0x70, 
    0x08, 0x00, 0x00, 0x00, 0x08, 0x00, 0x00, 0x60, 0x08, 0x00, 0x00, 0x00, 0x08, 0x00, 0x00, 0x70, 
    0x09, 0x00, 0x00, 0x00, 0x09, 0x00, 0x00, 0x60, 0x09, 0x00, 0x00, 0x00, 0x09, 0x00, 0x00, 0x70, 
    0x0a, 0x00, 0x00, 0x00, 0x0a, 0x00, 0x00, 0x60, 0x0a, 0x00, 0x00, 0x00, 0x0a, 0x00, 0x00, 0x70, 
    0x0b, 0x00, 0x00, 0x00, 0x0b, 0x00, 0x00, 0x60, 0x0b, 0x00, 0x00, 0x00, 0x0b, 0x00, 0x00, 0x70, 
    0x0c, 0x00, 0x00, 0x00, 0x0c, 0x00, 0x00, 0x60, 0x0c, 0x00, 0x00, 0x00, 0x0c, 0x00, 0x00, 0x70, 
    0x0d, 0x00, 0x00, 0x00, 0x0d, 0x00, 0x00, 0x60, 0x0d, 0x00, 0x00, 0x00, 0x0d, 0x00, 0x00, 0x70, 
    0x0e, 0x00, 0x00, 0x00, 0x0e, 0x00, 0x00, 0x60, 0x0e, 0x00, 0x00, 0x00, 0x0e, 0x00, 0x00, 0x70, 
    0x0f, 0x00, 0x00, 0x00, 0x0f, 0x00, 0x00, 0x60, 0x0f, 0x00, 0x00, 0x00, 0x0f, 0x00, 0x00, 0x70, 
    0x10, 0x00, 0x00, 0x00, 0x10, 0x00, 0x00, 0x60, 0x10, 0x00, 0x00, 0x00, 0x10, 0x00, 0x00, 0x70, 
    0x11, 0x00, 0x00, 0x00, 0x11, 0x00, 0x00, 0x60, 0x11, 0x00, 0x00, 0x00, 0x11, 0x00, 0x00, 0x70, 
    0x12, 0x00, 0x00, 0x00, 0x12, 0x00, 0x00, 0x60, 0x12, 0x00, 0x00, 0x00, 0x12, 0x00, 0x00, 0x70, 
    0x13, 0x00, 0x00, 0x00, 0x13, 0x00, 0x00, 0x60, 0x13, 0x00, 0x00, 0x00, 0x13, 0x00, 0x00, 0x70, 
    0x14, 0x00, 0x00, 0x00, 0x14, 0x00, 0x00, 0x60, 0x14, 0x00, 0x00, 0x00, 0x14, 0x00, 0x00, 0x70, 
    0x15, 0x00, 0x00, 0x00, 0x15, 0x00, 0x00, 0x60, 0x15, 0x00, 0x00, 0x00, 0x15, 0x00, 0x00, 0x70, 
    0x16, 0x00, 0x00, 0x00, 0x16, 0x00, 0x00, 0x60, 0x16, 0x00, 0x00, 0x00, 0x16, 0x00, 0x00, 0x70, 
    0x17, 0x00, 0x00, 0x00, 0x17, 0x00, 0x00, 0x60, 0x17, 0x00, 0x00, 0x00, 0x17, 0x00, 0x00, 0x70, 
    0x18, 0x00, 0x00, 0x00, 0x18, 0x00, 0x00, 0x60, 0x18, 0x00, 0x00, 0x00, 0x18, 0x00, 0x00, 0x70, 
    0x19, 0x00, 0x00, 0x00, 0x19, 0x00, 0x00, 0x60, 0x19, 0x00, 0x00, 0x00, 0x19, 0x00, 0x00, 0x70, 
    0x1a, 0x00, 0x00, 0x00, 0x1a, 0x00, 0x00, 0x60, 0x1a, 0x00, 0x00, 0x00, 0x1a, 0x00, 0x00, 0x70, 
    0x1b, 0x00, 0x00, 0x00, 0x1b, 0x00, 0x00, 0x60, 0x1b, 0x00, 0x00, 0x00, 0x1b, 0x00, 0x00, 0x70, 
    0x1c, 0x00, 0x00, 0x00, 0x1c, 0x00, 0x00, 0x60, 0x1c, 0x00, 0x00, 0x00, 0x1c, 0x00, 0x00, 0x70, 
    0x1d, 0x00, 0x00, 0x00, 0x1d, 0x00, 0x00, 0x60, 0x1d, 0x00, 0x00, 0x00, 0x1d, 0x00, 0x00, 0x70, 
    0x1e, 0x00, 0x00, 0x00, 0x1e, 0x00, 0x00, 0x60, 0x1e, 0x00, 0x00, 0x00, 0x1e, 0x00, 0x00, 0x70, 
    0x1f, 0x00, 0x00, 0x00, 0x1f, 0x00, 0x00, 0x60, 0x1f, 0x00, 0x00, 0x00, 0x1f, 0x00, 0x00, 0x70, 
    0x84, 0x83, 0x82, 0x81, 0x94, 0x93, 0x92, 0x91, 0xa4, 0xa3, 0xa2, 0xa1, 0xb4, 0xb3, 0xb2, 0xb1, 
    0xc8, 0xc7, 0xc6, 0xc5, 0xc4, 0xc3, 0xc2, 0xc1, 0xd8, 0xd7, 0xd6, 0xd5, 0xd4, 0xd3, 0xd2, 0xd1, 
    0xe8, 0xe7, 0xe6, 0xe5, 0xe4, 0xe3, 0xe2, 0xe1, 0x00, 0x00, 0x00, 0x00, 0x00, 0x00, 0x00, 0x00, 
    0x00, 0x00, 0x00, 0x00, 0x00, 0x00, 0x00, 0x00, 0x00, 0x00, 0x00, 0x00, 0x00, 0x00, 0x00, 0x00, 
    0x00, 0x00, 0x00, 0x00, 0x00, 0x00, 0x00, 0x00, 0x00, 0x00, 0x00, 0x00, 0x00, 0x00, 0x00, 0x00, 
    0x00, 0x00, 0x00, 0x00, 0x00, 0x00, 0x00, 0x00, 0x00, 0x00, 0x00, 0x00, 0x00, 0x00, 0x00, 0x00, 
    0x00, 0x00, 0x00, 0x00, 0x00, 0x00, 0x00, 0x00, 0x00, 0x00, 0x00, 0x00, 0x00, 0x00, 0x00, 0x00, 
];

const GOLDEN_V4_KICK: [u8; 976] = [
    0x4c, 0x46, 0x4f, 0x52, 0x04, 0x00, 0x01, 0x00, 0xd0, 0x03, 0x00, 0x00, 0x04, 0x00, 0x00, 0x00, 
    0xee, 0xdd, 0xcc, 0xbb, 0xaa, 0x99, 0x88, 0x77, 0x66, 0x55, 0x44, 0x33, 0x22, 0x11, 0x00, 0xff, 
    0x68, 0x67, 0x66, 0x65, 0x64, 0x63, 0x62, 0x61, 0x00, 0x00, 0x00, 0x00, 0x00, 0x00, 0x00, 0x00, 
    0x4c, 0x4f, 0x4c, 0x4f, 0x01, 0x00, 0x01, 0x00, 0x80, 0x03, 0x00, 0x00, 0x00, 0x00, 0x00, 0x00, 
    0x00, 0x00, 0x00, 0x00, 0x00, 0x00, 0x00, 0x20, 0x01, 0x01, 0x00, 0x00, 0x00, 0x01, 0x00, 0x20, 
    0x02, 0x02, 0x00, 0x00, 0x00, 0x02, 0x00, 0x20, 0x03, 0x03, 0x00, 0x00, 0x00, 0x03, 0x00, 0x20, 
    0x04, 0x04, 0x00, 0x00, 0x00, 0x04, 0x00, 0x20, 0x05, 0x05, 0x00, 0x00, 0x00, 0x05, 0x00, 0x20, 
    0x06, 0x06, 0x00, 0x00, 0x00, 0x06, 0x00, 0x20, 0x07, 0x07, 0x00, 0x00, 0x00, 0x07, 0x00, 0x20, 
    0x08, 0x08, 0x00, 0x00, 0x00, 0x08, 0x00, 0x20, 0x09, 0x09, 0x00, 0x00, 0x00, 0x09, 0x00, 0x20, 
    0x0a, 0x0a, 0x00, 0x00, 0x00, 0x0a, 0x00, 0x20, 0x0b, 0x0b, 0x00, 0x00, 0x00, 0x0b, 0x00, 0x20, 
    0x0c, 0x0c, 0x00, 0x00, 0x00, 0x0c, 0x00, 0x20, 0x0d, 0x0d, 0x00, 0x00, 0x00, 0x0d, 0x00, 0x20, 
    0x0e, 0x0e, 0x00, 0x00, 0x00, 0x0e, 0x00, 0x20, 0x0f, 0x0f, 0x00, 0x00, 0x00, 0x0f, 0x00, 0x20, 
    0x10, 0x10, 0x00, 0x00, 0x00, 0x10, 0x00, 0x20, 0x11, 0x11, 0x00, 0x00, 0x00, 0x11, 0x00, 0x20, 
    0x12, 0x12, 0x00, 0x00, 0x00, 0x12, 0x00, 0x20, 0x13, 0x13, 0x00, 0x00, 0x00, 0x13, 0x00, 0x20, 
    0x14, 0x14, 0x00, 0x00, 0x00, 0x14, 0x00, 0x20, 0x15, 0x15, 0x00, 0x00, 0x00, 0x15, 0x00, 0x20, 
    0x16, 0x16, 0x00, 0x00, 0x00, 0x16, 0x00, 0x20, 0x17, 0x17, 0x00, 0x00, 0x00, 0x17, 0x00, 0x20, 
    0x18, 0x18, 0x00, 0x00, 0x00, 0x18, 0x00, 0x20, 0x19, 0x19, 0x00, 0x00, 0x00, 0x19, 0x00, 0x20, 
    0x1a, 0x1a, 0x00, 0x00, 0x00, 0x1a, 0x00, 0x20, 0x1b, 0x1b, 0x00, 0x00, 0x00, 0x1b, 0x00, 0x20, 
    0x1c, 0x1c, 0x00, 0x00, 0x00, 0x1c, 0x00, 0x20, 0x1d, 0x1d, 0x00, 0x00, 0x00, 0x1d, 0x00, 0x20, 
    0x1e, 0x1e, 0x00, 0x00, 0x00, 0x1e, 0x00, 0x20, 0x70, 0x66, 0x55, 0x44, 0x33, 0x22, 0x11, 0x00, 
    0x10, 0x10, 0x0f, 0x0e, 0x0d, 0x0c, 0x0b, 0x0a, 0x38, 0x37, 0x36, 0x35, 0x34, 0x33, 0x32, 0x31, 
    0x48, 0x47, 0x46, 0x45, 0x44, 0x43, 0x42, 0x41, 0x58, 0x57, 0x56, 0x55, 0x54, 0x53, 0x52, 0x51, 
    0x00, 0x00, 0x00, 0x00, 0x00, 0x00, 0x00, 0x60, 0x00, 0x00, 0x00, 0x00, 0x00, 0x00, 0x00, 0x70, 
    0x01, 0x00, 0x00, 0x00, 0x01, 0x00, 0x00, 0x60, 0x01, 0x00, 0x00, 0x00, 0x01, 0x00, 0x00, 0x70, 
    0x02, 0x00, 0x00, 0x00, 0x02, 0x00, 0x00, 0x60, 0x02, 0x00, 0x00, 0x00, 0x02, 0x00, 0x00, 0x70, 
    0x03, 0x00, 0x00, 0x00, 0x03, 0x00, 0x00, 0x60, 0x03, 0x00, 0x00, 0x00, 0x03, 0x00, 0x00, 0x70, 
    0x04, 0x00, 0x00, 0x00, 0x04, 0x00, 0x00, 0x60, 0x04, 0x00, 0x00, 0x00, 0x04, 0x00, 0x00, 0x70, 
    0x05, 0x00, 0x00, 0x00, 0x05, 0x00, 0x00, 0x60, 0x05, 0x00, 0x00, 0x00, 0x05, 0x00, 0x00, 0x70, 
    0x06, 0x00, 0x00, 0x00, 0x06, 0x00, 0x00, 0x60, 0x06, 0x00, 0x00, 0x00, 0x06, 0x00, 0x00, 0x70, 
    0x07, 0x00, 0x00, 0x00, 0x07, 0x00, 0x00, 0x60, 0x07, 0x00, 0x00, 0x00, 0x07, 0x00, 0x00, 0x70, 
    0x08, 0x00, 0x00, 0x00, 0x08, 0x00, 0x00, 0x60, 0x08, 0x00, 0x00, 0x00, 0x08, 0x00, 0x00, 0x70, 
    0x09, 0x00, 0x00, 0x00, 0x09, 0x00, 0x00, 0x60, 0x09, 0x00, 0x00, 0x00, 0x09, 0x00, 0x00, 0x70, 
    0x0a, 0x00, 0x00, 0x00, 0x0a, 0x00, 0x00, 0x60, 0x0a, 0x00, 0x00, 0x00, 0x0a, 0x00, 0x00, 0x70, 
    0x0b, 0x00, 0x00, 0x00, 0x0b, 0x00, 0x00, 0x60, 0x0b, 0x00, 0x00, 0x00, 0x0b, 0x00, 0x00, 0x70, 
    0x0c, 0x00, 0x00, 0x00, 0x0c, 0x00, 0x00, 0x60, 0x0c, 0x00, 0x00, 0x00, 0x0c, 0x00, 0x00, 0x70, 
    0x0d, 0x00, 0x00, 0x00, 0x0d, 0x00, 0x00, 0x60, 0x0d, 0x00, 0x00, 0x00, 0x0d, 0x00, 0x00, 0x70, 
    0x0e, 0x00, 0x00, 0x00, 0x0e, 0x00, 0x00, 0x60, 0x0e, 0x00, 0x00, 0x00, 0x0e, 0x00, 0x00, 0x70, 
    0x0f, 0x00, 0x00, 0x00, 0x0f, 0x00, 0x00, 0x60, 0x0f, 0x00, 0x00, 0x00, 0x0f, 0x00, 0x00, 0x70, 
    0x10, 0x00, 0x00, 0x00, 0x10, 0x00, 0x00, 0x60, 0x10, 0x00, 0x00, 0x00, 0x10, 0x00, 0x00, 0x70, 
    0x11, 0x00, 0x00, 0x00, 0x11, 0x00, 0x00, 0x60, 0x11, 0x00, 0x00, 0x00, 0x11, 0x00, 0x00, 0x70, 
    0x12, 0x00, 0x00, 0x00, 0x12, 0x00, 0x00, 0x60, 0x12, 0x00, 0x00, 0x00, 0x12, 0x00, 0x00, 0x70, 
    0x13, 0x00, 0x00, 0x00, 0x13, 0x00, 0x00, 0x60, 0x13, 0x00, 0x00, 0x00, 0x13, 0x00, 0x00, 0x70, 
    0x14, 0x00, 0x00, 0x00, 0x14, 0x00, 0x00, 0x60, 0x14, 0x00, 0x00, 0x00, 0x14, 0x00, 0x00, 0x70, 
    0x15, 0x00, 0x00, 0x00, 0x15, 0x00, 0x00, 0x60, 0x15, 0x00, 0x00, 0x00, 0x15, 0x00, 0x00, 0x70, 
    0x16, 0x00, 0x00, 0x00, 0x16, 0x00, 0x00, 0x60, 0x16, 0x00, 0x00, 0x00, 0x16, 0x00, 0x00, 0x70, 
    0x17, 0x00, 0x00, 0x00, 0x17, 0x00, 0x00, 0x60, 0x17, 0x00, 0x00, 0x00, 0x17, 0x00, 0x00, 0x70, 
    0x18, 0x00, 0x00, 0x00, 0x18, 0x00, 0x00, 0x60, 0x18, 0x00, 0x00, 0x00, 0x18, 0x00, 0x00, 0x70, 
    0x19, 0x00, 0x00, 0x00, 0x19, 0x00, 0x00, 0x60, 0x19, 0x00, 0x00, 0x00, 0x19, 0x00, 0x00, 0x70, 
    0x1a, 0x00, 0x00, 0x00, 0x1a, 0x00, 0x00, 0x60, 0x1a, 0x00, 0x00, 0x00, 0x1a, 0x00, 0x00, 0x70, 
    0x1b, 0x00, 0x00, 0x00, 0x1b, 0x00, 0x00, 0x60, 0x1b, 0x00, 0x00, 0x00, 0x1b, 0x00, 0x00, 0x70, 
    0x1c, 0x00, 0x00, 0x00, 0x1c, 0x00, 0x00, 0x60, 0x1c, 0x00, 0x00, 0x00, 0x1c, 0x00, 0x00, 0x70, 
    0x1d, 0x00, 0x00, 0x00, 0x1d, 0x00, 0x00, 0x60, 0x1d, 0x00, 0x00, 0x00, 0x1d, 0x00, 0x00, 0x70, 
    0x1e, 0x00, 0x00, 0x00, 0x1e, 0x00, 0x00, 0x60, 0x1e, 0x00, 0x00, 0x00, 0x1e, 0x00, 0x00, 0x70, 
    0x1f, 0x00, 0x00, 0x00, 0x1f, 0x00, 0x00, 0x60, 0x1f, 0x00, 0x00, 0x00, 0x1f, 0x00, 0x00, 0x70, 
    0x84, 0x83, 0x82, 0x81, 0x94, 0x93, 0x92, 0x91, 0xa4, 0xa3, 0xa2, 0xa1, 0xb4, 0xb3, 0xb2, 0xb1, 
    0xc8, 0xc7, 0xc6, 0xc5, 0xc4, 0xc3, 0xc2, 0xc1, 0xd8, 0xd7, 0xd6, 0xd5, 0xd4, 0xd3, 0xd2, 0xd1, 
    0xe8, 0xe7, 0xe6, 0xe5, 0xe4, 0xe3, 0xe2, 0xe1, 0x00, 0x00, 0x00, 0x00, 0x00, 0x00, 0x00, 0x00, 
    0x00, 0x00, 0x00, 0x00, 0x00, 0x00, 0x00, 0x00, 0x00, 0x00, 0x00, 0x00, 0x00, 0x00, 0x00, 0x00, 
    0x00, 0x00, 0x00, 0x00, 0x00, 0x00, 0x00, 0x00, 0x00, 0x00, 0x00, 0x00, 0x00, 0x00, 0x00, 0x00, 
    0x02, 0x00, 0x00, 0x00, 0x00, 0x00, 0x00, 0x00, 0x00, 0x00, 0x00, 0x00, 0x00, 0x00, 0x00, 0x00, 
    0x00, 0x00, 0x00, 0x00, 0x00, 0x00, 0x00, 0x00, 0x00, 0x00, 0x00, 0x00, 0x00, 0x00, 0x00, 0x00, 
];

const GOLDEN_RESUME_REPLY: [u8; 976] = [
    0x4c, 0x46, 0x4f, 0x52, 0x01, 0x00, 0x01, 0x00, 0xd0, 0x03, 0x00, 0x00, 0x01, 0x01, 0x00, 0x00, 
    0x88, 0x77, 0x66, 0x55, 0x44, 0x33, 0x22, 0x11, 0x00, 0xff, 0xee, 0xdd, 0xcc, 0xbb, 0xaa, 0x99, 
    0x08, 0x07, 0x06, 0x05, 0x04, 0x03, 0x02, 0x01, 0x00, 0x00, 0x00, 0x00, 0x00, 0x00, 0x00, 0x00, 
    0x4c, 0x4f, 0x4c, 0x4f, 0x01, 0x00, 0x01, 0x00, 0x80, 0x03, 0x00, 0x00, 0x00, 0x00, 0x00, 0x00, 
    0x78, 0x69, 0x5a, 0x4b, 0x3c, 0x2d, 0x1e, 0x0f, 0x01, 0x01, 0x00, 0x00, 0x00, 0x01, 0x00, 0x20, 
    0x02, 0x02, 0x00, 0x00, 0x00, 0x02, 0x00, 0x20, 0x03, 0x03, 0x00, 0x00, 0x00, 0x03, 0x00, 0x20, 
    0x04, 0x04, 0x00, 0x00, 0x00, 0x04, 0x00, 0x20, 0x05, 0x05, 0x00, 0x00, 0x00, 0x05, 0x00, 0x20, 
    0x06, 0x06, 0x00, 0x00, 0x00, 0x06, 0x00, 0x20, 0x07, 0x07, 0x00, 0x00, 0x00, 0x07, 0x00, 0x20, 
    0x08, 0x08, 0x00, 0x00, 0x00, 0x08, 0x00, 0x20, 0x09, 0x09, 0x00, 0x00, 0x00, 0x09, 0x00, 0x20, 
    0x0a, 0x0a, 0x00, 0x00, 0x00, 0x0a, 0x00, 0x20, 0x0b, 0x0b, 0x00, 0x00, 0x00, 0x0b, 0x00, 0x20, 
    0x0c, 0x0c, 0x00, 0x00, 0x00, 0x0c, 0x00, 0x20, 0x0d, 0x0d, 0x00, 0x00, 0x00, 0x0d, 0x00, 0x20, 
    0x0e, 0x0e, 0x00, 0x00, 0x00, 0x0e, 0x00, 0x20, 0x0f, 0x0f, 0x00, 0x00, 0x00, 0x0f, 0x00, 0x20, 
    0x10, 0x10, 0x00, 0x00, 0x00, 0x10, 0x00, 0x20, 0x11, 0x11, 0x00, 0x00, 0x00, 0x11, 0x00, 0x20, 
    0x12, 0x12, 0x00, 0x00, 0x00, 0x12, 0x00, 0x20, 0x13, 0x13, 0x00, 0x00, 0x00, 0x13, 0x00, 0x20, 
    0x14, 0x14, 0x00, 0x00, 0x00, 0x14, 0x00, 0x20, 0x15, 0x15, 0x00, 0x00, 0x00, 0x15, 0x00, 0x20, 
    0x16, 0x16, 0x00, 0x00, 0x00, 0x16, 0x00, 0x20, 0x17, 0x17, 0x00, 0x00, 0x00, 0x17, 0x00, 0x20, 
    0x18, 0x18, 0x00, 0x00, 0x00, 0x18, 0x00, 0x20, 0x19, 0x19, 0x00, 0x00, 0x00, 0x19, 0x00, 0x20, 
    0x1a, 0x1a, 0x00, 0x00, 0x00, 0x1a, 0x00, 0x20, 0x1b, 0x1b, 0x00, 0x00, 0x00, 0x1b, 0x00, 0x20, 
    0x1c, 0x1c, 0x00, 0x00, 0x00, 0x1c, 0x00, 0x20, 0x1d, 0x1d, 0x00, 0x00, 0x00, 0x1d, 0x00, 0x20, 
    0xf0, 0xe1, 0xd2, 0xc3, 0xb4, 0xa5, 0x96, 0x87, 0x00, 0x80, 0x00, 0x00, 0x00, 0x00, 0x00, 0x00, 
    0x04, 0x40, 0x00, 0x00, 0x00, 0x00, 0x00, 0x00, 0x38, 0x37, 0x36, 0x35, 0x34, 0x33, 0x32, 0x31, 
    0x48, 0x47, 0x46, 0x45, 0x44, 0x43, 0x42, 0x41, 0x58, 0x57, 0x56, 0x55, 0x54, 0x53, 0x52, 0x51, 
    0x00, 0x00, 0x00, 0x00, 0x00, 0x00, 0x00, 0x60, 0x00, 0x00, 0x00, 0x00, 0x00, 0x00, 0x00, 0x70, 
    0x01, 0x00, 0x00, 0x00, 0x01, 0x00, 0x00, 0x60, 0x01, 0x00, 0x00, 0x00, 0x01, 0x00, 0x00, 0x70, 
    0x02, 0x00, 0x00, 0x00, 0x02, 0x00, 0x00, 0x60, 0x02, 0x00, 0x00, 0x00, 0x02, 0x00, 0x00, 0x70, 
    0x03, 0x00, 0x00, 0x00, 0x03, 0x00, 0x00, 0x60, 0x03, 0x00, 0x00, 0x00, 0x03, 0x00, 0x00, 0x70, 
    0x04, 0x00, 0x00, 0x00, 0x04, 0x00, 0x00, 0x60, 0x04, 0x00, 0x00, 0x00, 0x04, 0x00, 0x00, 0x70, 
    0x05, 0x00, 0x00, 0x00, 0x05, 0x00, 0x00, 0x60, 0x05, 0x00, 0x00, 0x00, 0x05, 0x00, 0x00, 0x70, 
    0x06, 0x00, 0x00, 0x00, 0x06, 0x00, 0x00, 0x60, 0x06, 0x00, 0x00, 0x00, 0x06, 0x00, 0x00, 0x70, 
    0x07, 0x00, 0x00, 0x00, 0x07, 0x00, 0x00, 0x60, 0x07, 0x00, 0x00, 0x00, 0x07, 0x00, 0x00, 0x70, 
    0x08, 0x00, 0x00, 0x00, 0x08, 0x00, 0x00, 0x60, 0x08, 0x00, 0x00, 0x00, 0x08, 0x00, 0x00, 0x70, 
    0x09, 0x00, 0x00, 0x00, 0x09, 0x00, 0x00, 0x60, 0x09, 0x00, 0x00, 0x00, 0x09, 0x00, 0x00, 0x70, 
    0x0a, 0x00, 0x00, 0x00, 0x0a, 0x00, 0x00, 0x60, 0x0a, 0x00, 0x00, 0x00, 0x0a, 0x00, 0x00, 0x70, 
    0x0b, 0x00, 0x00, 0x00, 0x0b, 0x00, 0x00, 0x60, 0x0b, 0x00, 0x00, 0x00, 0x0b, 0x00, 0x00, 0x70, 
    0x0c, 0x00, 0x00, 0x00, 0x0c, 0x00, 0x00, 0x60, 0x0c, 0x00, 0x00, 0x00, 0x0c, 0x00, 0x00, 0x70, 
    0x0d, 0x00, 0x00, 0x00, 0x0d, 0x00, 0x00, 0x60, 0x0d, 0x00, 0x00, 0x00, 0x0d, 0x00, 0x00, 0x70, 
    0x0e, 0x00, 0x00, 0x00, 0x0e, 0x00, 0x00, 0x60, 0x0e, 0x00, 0x00, 0x00, 0x0e, 0x00, 0x00, 0x70, 
    0x0f, 0x00, 0x00, 0x00, 0x0f, 0x00, 0x00, 0x60, 0x0f, 0x00, 0x00, 0x00, 0x0f, 0x00, 0x00, 0x70, 
    0x10, 0x00, 0x00, 0x00, 0x10, 0x00, 0x00, 0x60, 0x10, 0x00, 0x00, 0x00, 0x10, 0x00, 0x00, 0x70, 
    0x11, 0x00, 0x00, 0x00, 0x11, 0x00, 0x00, 0x60, 0x11, 0x00, 0x00, 0x00, 0x11, 0x00, 0x00, 0x70, 
    0x12, 0x00, 0x00, 0x00, 0x12, 0x00, 0x00, 0x60, 0x12, 0x00, 0x00, 0x00, 0x12, 0x00, 0x00, 0x70, 
    0x13, 0x00, 0x00, 0x00, 0x13, 0x00, 0x00, 0x60, 0x13, 0x00, 0x00, 0x00, 0x13, 0x00, 0x00, 0x70, 
    0x14, 0x00, 0x00, 0x00, 0x14, 0x00, 0x00, 0x60, 0x14, 0x00, 0x00, 0x00, 0x14, 0x00, 0x00, 0x70, 
    0x15, 0x00, 0x00, 0x00, 0x15, 0x00, 0x00, 0x60, 0x15, 0x00, 0x00, 0x00, 0x15, 0x00, 0x00, 0x70, 
    0x16, 0x00, 0x00, 0x00, 0x16, 0x00, 0x00, 0x60, 0x16, 0x00, 0x00, 0x00, 0x16, 0x00, 0x00, 0x70, 
    0x17, 0x00, 0x00, 0x00, 0x17, 0x00, 0x00, 0x60, 0x17, 0x00, 0x00, 0x00, 0x17, 0x00, 0x00, 0x70, 
    0x18, 0x00, 0x00, 0x00, 0x18, 0x00, 0x00, 0x60, 0x18, 0x00, 0x00, 0x00, 0x18, 0x00, 0x00, 0x70, 
    0x19, 0x00, 0x00, 0x00, 0x19, 0x00, 0x00, 0x60, 0x19, 0x00, 0x00, 0x00, 0x19, 0x00, 0x00, 0x70, 
    0x1a, 0x00, 0x00, 0x00, 0x1a, 0x00, 0x00, 0x60, 0x1a, 0x00, 0x00, 0x00, 0x1a, 0x00, 0x00, 0x70, 
    0x1b, 0x00, 0x00, 0x00, 0x1b, 0x00, 0x00, 0x60, 0x1b, 0x00, 0x00, 0x00, 0x1b, 0x00, 0x00, 0x70, 
    0x1c, 0x00, 0x00, 0x00, 0x1c, 0x00, 0x00, 0x60, 0x1c, 0x00, 0x00, 0x00, 0x1c, 0x00, 0x00, 0x70, 
    0x1d, 0x00, 0x00, 0x00, 0x1d, 0x00, 0x00, 0x60, 0x1d, 0x00, 0x00, 0x00, 0x1d, 0x00, 0x00, 0x70, 
    0x1e, 0x00, 0x00, 0x00, 0x1e, 0x00, 0x00, 0x60, 0x1e, 0x00, 0x00, 0x00, 0x1e, 0x00, 0x00, 0x70, 
    0x1f, 0x00, 0x00, 0x00, 0x1f, 0x00, 0x00, 0x60, 0x1f, 0x00, 0x00, 0x00, 0x1f, 0x00, 0x00, 0x70, 
    0x84, 0x83, 0x82, 0x81, 0x94, 0x93, 0x92, 0x91, 0xa4, 0xa3, 0xa2, 0xa1, 0xb4, 0xb3, 0xb2, 0xb1, 
    0xc8, 0xc7, 0xc6, 0xc5, 0xc4, 0xc3, 0xc2, 0xc1, 0xd8, 0xd7, 0xd6, 0xd5, 0xd4, 0xd3, 0xd2, 0xd1, 
    0xe8, 0xe7, 0xe6, 0xe5, 0xe4, 0xe3, 0xe2, 0xe1, 0x00, 0x00, 0x00, 0x00, 0x00, 0x00, 0x00, 0x00, 
    0x00, 0x00, 0x00, 0x00, 0x00, 0x00, 0x00, 0x00, 0x00, 0x00, 0x00, 0x00, 0x00, 0x00, 0x00, 0x00, 
    0x00, 0x00, 0x00, 0x00, 0x00, 0x00, 0x00, 0x00, 0x00, 0x00, 0x00, 0x00, 0x00, 0x00, 0x00, 0x00, 
    0x00, 0x00, 0x00, 0x00, 0x00, 0x00, 0x00, 0x00, 0x00, 0x00, 0x00, 0x00, 0x00, 0x00, 0x00, 0x00, 
    0x00, 0x00, 0x00, 0x00, 0x00, 0x00, 0x00, 0x00, 0x00, 0x00, 0x00, 0x00, 0x00, 0x00, 0x00, 0x00, 
];

const GOLDEN_TERMINATE_REPLY: [u8; 976] = [
    0x4c, 0x46, 0x4f, 0x52, 0x01, 0x00, 0x01, 0x00, 0xd0, 0x03, 0x00, 0x00, 0x02, 0x01, 0x00, 0x00, 
    0x88, 0x77, 0x66, 0x55, 0x44, 0x33, 0x22, 0x11, 0x00, 0xff, 0xee, 0xdd, 0xcc, 0xbb, 0xaa, 0x99, 
    0x08, 0x07, 0x06, 0x05, 0x04, 0x03, 0x02, 0x01, 0x00, 0x00, 0x00, 0x00, 0x00, 0x00, 0x00, 0x00, 
    0x4c, 0x4f, 0x4c, 0x4f, 0x01, 0x00, 0x01, 0x00, 0x80, 0x03, 0x00, 0x00, 0x00, 0x00, 0x00, 0x00, 
    0x00, 0x00, 0x00, 0x00, 0x00, 0x00, 0x00, 0x20, 0x01, 0x01, 0x00, 0x00, 0x00, 0x01, 0x00, 0x20, 
    0x02, 0x02, 0x00, 0x00, 0x00, 0x02, 0x00, 0x20, 0x03, 0x03, 0x00, 0x00, 0x00, 0x03, 0x00, 0x20, 
    0x04, 0x04, 0x00, 0x00, 0x00, 0x04, 0x00, 0x20, 0x05, 0x05, 0x00, 0x00, 0x00, 0x05, 0x00, 0x20, 
    0x06, 0x06, 0x00, 0x00, 0x00, 0x06, 0x00, 0x20, 0x07, 0x07, 0x00, 0x00, 0x00, 0x07, 0x00, 0x20, 
    0x08, 0x08, 0x00, 0x00, 0x00, 0x08, 0x00, 0x20, 0x09, 0x09, 0x00, 0x00, 0x00, 0x09, 0x00, 0x20, 
    0x0a, 0x0a, 0x00, 0x00, 0x00, 0x0a, 0x00, 0x20, 0x0b, 0x0b, 0x00, 0x00, 0x00, 0x0b, 0x00, 0x20, 
    0x0c, 0x0c, 0x00, 0x00, 0x00, 0x0c, 0x00, 0x20, 0x0d, 0x0d, 0x00, 0x00, 0x00, 0x0d, 0x00, 0x20, 
    0x0e, 0x0e, 0x00, 0x00, 0x00, 0x0e, 0x00, 0x20, 0x0f, 0x0f, 0x00, 0x00, 0x00, 0x0f, 0x00, 0x20, 
    0x10, 0x10, 0x00, 0x00, 0x00, 0x10, 0x00, 0x20, 0x11, 0x11, 0x00, 0x00, 0x00, 0x11, 0x00, 0x20, 
    0x12, 0x12, 0x00, 0x00, 0x00, 0x12, 0x00, 0x20, 0x13, 0x13, 0x00, 0x00, 0x00, 0x13, 0x00, 0x20, 
    0x14, 0x14, 0x00, 0x00, 0x00, 0x14, 0x00, 0x20, 0x15, 0x15, 0x00, 0x00, 0x00, 0x15, 0x00, 0x20, 
    0x16, 0x16, 0x00, 0x00, 0x00, 0x16, 0x00, 0x20, 0x17, 0x17, 0x00, 0x00, 0x00, 0x17, 0x00, 0x20, 
    0x18, 0x18, 0x00, 0x00, 0x00, 0x18, 0x00, 0x20, 0x19, 0x19, 0x00, 0x00, 0x00, 0x19, 0x00, 0x20, 
    0x1a, 0x1a, 0x00, 0x00, 0x00, 0x1a, 0x00, 0x20, 0x1b, 0x1b, 0x00, 0x00, 0x00, 0x1b, 0x00, 0x20, 
    0x1c, 0x1c, 0x00, 0x00, 0x00, 0x1c, 0x00, 0x20, 0x1d, 0x1d, 0x00, 0x00, 0x00, 0x1d, 0x00, 0x20, 
    0x1e, 0x1e, 0x00, 0x00, 0x00, 0x1e, 0x00, 0x20, 0x70, 0x66, 0x55, 0x44, 0x33, 0x22, 0x11, 0x00, 
    0x10, 0x10, 0x0f, 0x0e, 0x0d, 0x0c, 0x0b, 0x0a, 0x38, 0x37, 0x36, 0x35, 0x34, 0x33, 0x32, 0x31, 
    0x48, 0x47, 0x46, 0x45, 0x44, 0x43, 0x42, 0x41, 0x58, 0x57, 0x56, 0x55, 0x54, 0x53, 0x52, 0x51, 
    0x00, 0x00, 0x00, 0x00, 0x00, 0x00, 0x00, 0x60, 0x00, 0x00, 0x00, 0x00, 0x00, 0x00, 0x00, 0x70, 
    0x01, 0x00, 0x00, 0x00, 0x01, 0x00, 0x00, 0x60, 0x01, 0x00, 0x00, 0x00, 0x01, 0x00, 0x00, 0x70, 
    0x02, 0x00, 0x00, 0x00, 0x02, 0x00, 0x00, 0x60, 0x02, 0x00, 0x00, 0x00, 0x02, 0x00, 0x00, 0x70, 
    0x03, 0x00, 0x00, 0x00, 0x03, 0x00, 0x00, 0x60, 0x03, 0x00, 0x00, 0x00, 0x03, 0x00, 0x00, 0x70, 
    0x04, 0x00, 0x00, 0x00, 0x04, 0x00, 0x00, 0x60, 0x04, 0x00, 0x00, 0x00, 0x04, 0x00, 0x00, 0x70, 
    0x05, 0x00, 0x00, 0x00, 0x05, 0x00, 0x00, 0x60, 0x05, 0x00, 0x00, 0x00, 0x05, 0x00, 0x00, 0x70, 
    0x06, 0x00, 0x00, 0x00, 0x06, 0x00, 0x00, 0x60, 0x06, 0x00, 0x00, 0x00, 0x06, 0x00, 0x00, 0x70, 
    0x07, 0x00, 0x00, 0x00, 0x07, 0x00, 0x00, 0x60, 0x07, 0x00, 0x00, 0x00, 0x07, 0x00, 0x00, 0x70, 
    0x08, 0x00, 0x00, 0x00, 0x08, 0x00, 0x00, 0x60, 0x08, 0x00, 0x00, 0x00, 0x08, 0x00, 0x00, 0x70, 
    0x09, 0x00, 0x00, 0x00, 0x09, 0x00, 0x00, 0x60, 0x09, 0x00, 0x00, 0x00, 0x09, 0x00, 0x00, 0x70, 
    0x0a, 0x00, 0x00, 0x00, 0x0a, 0x00, 0x00, 0x60, 0x0a, 0x00, 0x00, 0x00, 0x0a, 0x00, 0x00, 0x70, 
    0x0b, 0x00, 0x00, 0x00, 0x0b, 0x00, 0x00, 0x60, 0x0b, 0x00, 0x00, 0x00, 0x0b, 0x00, 0x00, 0x70, 
    0x0c, 0x00, 0x00, 0x00, 0x0c, 0x00, 0x00, 0x60, 0x0c, 0x00, 0x00, 0x00, 0x0c, 0x00, 0x00, 0x70, 
    0x0d, 0x00, 0x00, 0x00, 0x0d, 0x00, 0x00, 0x60, 0x0d, 0x00, 0x00, 0x00, 0x0d, 0x00, 0x00, 0x70, 
    0x0e, 0x00, 0x00, 0x00, 0x0e, 0x00, 0x00, 0x60, 0x0e, 0x00, 0x00, 0x00, 0x0e, 0x00, 0x00, 0x70, 
    0x0f, 0x00, 0x00, 0x00, 0x0f, 0x00, 0x00, 0x60, 0x0f, 0x00, 0x00, 0x00, 0x0f, 0x00, 0x00, 0x70, 
    0x10, 0x00, 0x00, 0x00, 0x10, 0x00, 0x00, 0x60, 0x10, 0x00, 0x00, 0x00, 0x10, 0x00, 0x00, 0x70, 
    0x11, 0x00, 0x00, 0x00, 0x11, 0x00, 0x00, 0x60, 0x11, 0x00, 0x00, 0x00, 0x11, 0x00, 0x00, 0x70, 
    0x12, 0x00, 0x00, 0x00, 0x12, 0x00, 0x00, 0x60, 0x12, 0x00, 0x00, 0x00, 0x12, 0x00, 0x00, 0x70, 
    0x13, 0x00, 0x00, 0x00, 0x13, 0x00, 0x00, 0x60, 0x13, 0x00, 0x00, 0x00, 0x13, 0x00, 0x00, 0x70, 
    0x14, 0x00, 0x00, 0x00, 0x14, 0x00, 0x00, 0x60, 0x14, 0x00, 0x00, 0x00, 0x14, 0x00, 0x00, 0x70, 
    0x15, 0x00, 0x00, 0x00, 0x15, 0x00, 0x00, 0x60, 0x15, 0x00, 0x00, 0x00, 0x15, 0x00, 0x00, 0x70, 
    0x16, 0x00, 0x00, 0x00, 0x16, 0x00, 0x00, 0x60, 0x16, 0x00, 0x00, 0x00, 0x16, 0x00, 0x00, 0x70, 
    0x17, 0x00, 0x00, 0x00, 0x17, 0x00, 0x00, 0x60, 0x17, 0x00, 0x00, 0x00, 0x17, 0x00, 0x00, 0x70, 
    0x18, 0x00, 0x00, 0x00, 0x18, 0x00, 0x00, 0x60, 0x18, 0x00, 0x00, 0x00, 0x18, 0x00, 0x00, 0x70, 
    0x19, 0x00, 0x00, 0x00, 0x19, 0x00, 0x00, 0x60, 0x19, 0x00, 0x00, 0x00, 0x19, 0x00, 0x00, 0x70, 
    0x1a, 0x00, 0x00, 0x00, 0x1a, 0x00, 0x00, 0x60, 0x1a, 0x00, 0x00, 0x00, 0x1a, 0x00, 0x00, 0x70, 
    0x1b, 0x00, 0x00, 0x00, 0x1b, 0x00, 0x00, 0x60, 0x1b, 0x00, 0x00, 0x00, 0x1b, 0x00, 0x00, 0x70, 
    0x1c, 0x00, 0x00, 0x00, 0x1c, 0x00, 0x00, 0x60, 0x1c, 0x00, 0x00, 0x00, 0x1c, 0x00, 0x00, 0x70, 
    0x1d, 0x00, 0x00, 0x00, 0x1d, 0x00, 0x00, 0x60, 0x1d, 0x00, 0x00, 0x00, 0x1d, 0x00, 0x00, 0x70, 
    0x1e, 0x00, 0x00, 0x00, 0x1e, 0x00, 0x00, 0x60, 0x1e, 0x00, 0x00, 0x00, 0x1e, 0x00, 0x00, 0x70, 
    0x1f, 0x00, 0x00, 0x00, 0x1f, 0x00, 0x00, 0x60, 0x1f, 0x00, 0x00, 0x00, 0x1f, 0x00, 0x00, 0x70, 
    0x84, 0x83, 0x82, 0x81, 0x94, 0x93, 0x92, 0x91, 0xa4, 0xa3, 0xa2, 0xa1, 0xb4, 0xb3, 0xb2, 0xb1, 
    0xc8, 0xc7, 0xc6, 0xc5, 0xc4, 0xc3, 0xc2, 0xc1, 0xd8, 0xd7, 0xd6, 0xd5, 0xd4, 0xd3, 0xd2, 0xd1, 
    0xe8, 0xe7, 0xe6, 0xe5, 0xe4, 0xe3, 0xe2, 0xe1, 0x00, 0x00, 0x00, 0x00, 0x00, 0x00, 0x00, 0x00, 
    0x00, 0x00, 0x00, 0x00, 0x00, 0x00, 0x00, 0x00, 0x00, 0x00, 0x00, 0x00, 0x00, 0x00, 0x00, 0x00, 
    0x00, 0x00, 0x00, 0x00, 0x00, 0x00, 0x00, 0x00, 0x00, 0x00, 0x00, 0x00, 0x00, 0x00, 0x00, 0x00, 
    0x00, 0x00, 0x00, 0x00, 0x00, 0x00, 0x00, 0x00, 0x00, 0x00, 0x00, 0x00, 0x00, 0x00, 0x00, 0x00, 
    0x00, 0x00, 0x00, 0x00, 0x00, 0x00, 0x00, 0x00, 0x00, 0x00, 0x00, 0x00, 0x00, 0x00, 0x00, 0x00, 
];

const GOLDEN_WAIT_PARK_NO_TIMEOUT: [u8; 64] = [
    0x4c, 0x57, 0x41, 0x54, 0x01, 0x00, 0x01, 0x00, 0x40, 0x00, 0x00, 0x00, 0x00, 0x00, 0x00, 0x00, 
    0x88, 0x77, 0x66, 0x55, 0x44, 0x33, 0x22, 0x11, 0x00, 0x40, 0x00, 0x00, 0x00, 0x00, 0x00, 0x00, 
    0xef, 0xbe, 0xed, 0xfe, 0x00, 0x00, 0x00, 0x00, 0xff, 0xff, 0xff, 0xff, 0xff, 0xff, 0xff, 0xff, 
    0x00, 0x00, 0x00, 0x00, 0x00, 0x00, 0x00, 0x00, 0x00, 0x00, 0x00, 0x00, 0x00, 0x00, 0x00, 0x00, 
];

const GOLDEN_WAIT_PARK_TIMEOUT: [u8; 64] = [
    0x4c, 0x57, 0x41, 0x54, 0x01, 0x00, 0x01, 0x00, 0x40, 0x00, 0x00, 0x00, 0x00, 0x00, 0x00, 0x00, 
    0x00, 0xff, 0xee, 0xdd, 0xcc, 0xbb, 0xaa, 0x99, 0x00, 0x00, 0xad, 0xde, 0x00, 0x00, 0x00, 0x00, 
    0x0d, 0xf0, 0xad, 0x0b, 0x00, 0x00, 0x00, 0x00, 0x08, 0x07, 0x06, 0x05, 0x04, 0x03, 0x02, 0x01, 
    0x00, 0x00, 0x00, 0x00, 0x00, 0x00, 0x00, 0x00, 0x00, 0x00, 0x00, 0x00, 0x00, 0x00, 0x00, 0x00, 
];

const GOLDEN_WAIT_WAKE: [u8; 64] = [
    0x4c, 0x57, 0x41, 0x54, 0x01, 0x00, 0x02, 0x00, 0x40, 0x00, 0x00, 0x00, 0x00, 0x00, 0x00, 0x00, 
    0x00, 0x00, 0x00, 0x00, 0x00, 0x00, 0x00, 0x00, 0x00, 0x00, 0xfe, 0xca, 0x00, 0x00, 0x00, 0x00, 
    0x00, 0x00, 0x00, 0x00, 0x78, 0x56, 0x34, 0x12, 0x00, 0x00, 0x00, 0x00, 0x00, 0x00, 0x00, 0x00, 
    0x00, 0x00, 0x00, 0x00, 0x00, 0x00, 0x00, 0x00, 0x00, 0x00, 0x00, 0x00, 0x00, 0x00, 0x00, 0x00, 
];

const GOLDEN_WAIT_REQUEUE: [u8; 64] = [
    0x4c, 0x57, 0x41, 0x54, 0x01, 0x00, 0x03, 0x00, 0x40, 0x00, 0x00, 0x00, 0x00, 0x00, 0x00, 0x00, 
    0x00, 0x00, 0x00, 0x00, 0x00, 0x00, 0x00, 0x00, 0x00, 0x00, 0x11, 0x11, 0x00, 0x00, 0x00, 0x00, 
    0x00, 0x00, 0x00, 0x00, 0x07, 0x00, 0x00, 0x00, 0x00, 0x00, 0x00, 0x00, 0x00, 0x00, 0x00, 0x00, 
    0x00, 0x00, 0x22, 0x22, 0x00, 0x00, 0x00, 0x00, 0x09, 0x00, 0x00, 0x00, 0x00, 0x00, 0x00, 0x00, 
];

const GOLDEN_WAIT_INTERRUPT: [u8; 64] = [
    0x4c, 0x57, 0x41, 0x54, 0x01, 0x00, 0x04, 0x00, 0x40, 0x00, 0x00, 0x00, 0x00, 0x00, 0x00, 0x00, 
    0x11, 0x00, 0xff, 0xee, 0xdd, 0xcc, 0xbb, 0xaa, 0x00, 0x00, 0x00, 0x00, 0x00, 0x00, 0x00, 0x00, 
    0x00, 0x00, 0x00, 0x00, 0x00, 0x00, 0x00, 0x00, 0x00, 0x00, 0x00, 0x00, 0x00, 0x00, 0x00, 0x00, 
    0x00, 0x00, 0x00, 0x00, 0x00, 0x00, 0x00, 0x00, 0x00, 0x00, 0x00, 0x00, 0x00, 0x00, 0x00, 0x00, 
];

// ======================================================================
// Encode golden vectors: this crate's to_wire_bytes must reproduce the frozen
// bytes exactly.
// ======================================================================

#[test]
fn golden_v1_supervisor_exit_encodes_exactly() {
    assert_eq!(v1_supervisor_exit().to_wire_bytes(), GOLDEN_V1_SUPERVISOR_EXIT);
}

#[test]
fn golden_v1_exception_exit_encodes_exactly() {
    assert_eq!(v1_exception_exit().to_wire_bytes(), GOLDEN_V1_EXCEPTION_EXIT);
}

#[test]
fn golden_v1_task_death_exit_encodes_exactly() {
    assert_eq!(v1_task_death_exit().to_wire_bytes(), GOLDEN_V1_TASK_DEATH_EXIT);
}

#[test]
fn golden_v2_kick_exits_encode_exactly() {
    assert_eq!(v2_kick_exit(KickOrigin::Asynchronous).to_wire_bytes(), GOLDEN_V2_KICK_ASYNCHRONOUS);
    assert_eq!(v2_kick_exit(KickOrigin::SupervisorCall).to_wire_bytes(), GOLDEN_V2_KICK_SUPERVISOR_CALL);
    assert_eq!(v2_kick_exit(KickOrigin::Exception).to_wire_bytes(), GOLDEN_V2_KICK_EXCEPTION);
}

#[test]
fn golden_v3_wait_complete_exits_encode_exactly() {
    assert_eq!(v3_wait_complete_exit(WaitOutcome::Woken).to_wire_bytes(), GOLDEN_V3_WAIT_WOKEN);
    assert_eq!(v3_wait_complete_exit(WaitOutcome::TimedOut).to_wire_bytes(), GOLDEN_V3_WAIT_TIMED_OUT);
    assert_eq!(v3_wait_complete_exit(WaitOutcome::Interrupted).to_wire_bytes(), GOLDEN_V3_WAIT_INTERRUPTED);
    assert_eq!(v3_wait_complete_exit(WaitOutcome::MappingInvalidated).to_wire_bytes(), GOLDEN_V3_WAIT_MAPPING_INVALIDATED);
}

#[test]
fn golden_v4_frames_encode_exactly() {
    assert_eq!(v4_wait_complete_exit().to_wire_bytes(), GOLDEN_V4_WAIT_COMPLETE);
    assert_eq!(v4_kick_exit().to_wire_bytes(), GOLDEN_V4_KICK);
}

#[test]
fn golden_replies_encode_exactly() {
    assert_eq!(resume_reply().to_wire_bytes(), GOLDEN_RESUME_REPLY);
    assert_eq!(terminate_reply().to_wire_bytes(), GOLDEN_TERMINATE_REPLY);
}

#[test]
fn golden_wait_requests_encode_exactly() {
    assert_eq!(wait_park_no_timeout().to_wire_bytes(), GOLDEN_WAIT_PARK_NO_TIMEOUT);
    assert_eq!(wait_park_timeout().to_wire_bytes(), GOLDEN_WAIT_PARK_TIMEOUT);
    assert_eq!(wait_wake().to_wire_bytes(), GOLDEN_WAIT_WAKE);
    assert_eq!(wait_requeue().to_wire_bytes(), GOLDEN_WAIT_REQUEUE);
    assert_eq!(wait_interrupt().to_wire_bytes(), GOLDEN_WAIT_INTERRUPT);
}

#[test]
fn wire_field_offsets_carry_expected_le_values() {
    let bytes = v1_supervisor_exit().to_wire_bytes();
    assert_eq!(&bytes[0..4], b"LFOR");
    assert_eq!(&bytes[0..4], &FOREIGN_MAGIC.to_le_bytes());
    assert_eq!(&bytes[4..6], &FOREIGN_VERSION_V1.to_le_bytes());
    assert_eq!(&bytes[6..8], &FOREIGN_ARCH_AARCH64.to_le_bytes());
    assert_eq!(&bytes[8..12], &FOREIGN_MESSAGE_V1_SIZE.to_le_bytes());
    assert_eq!(&bytes[12..16], &EXIT_SUPERVISOR_CALL.to_le_bytes());
    assert_eq!(&bytes[16..24], &0x1122_3344_5566_7788_u64.to_le_bytes());
    assert_eq!(&bytes[24..32], &0x99aa_bbcc_ddee_ff00_u64.to_le_bytes());
    assert_eq!(&bytes[32..40], &0x0102_0304_0506_0708_u64.to_le_bytes());
    assert_eq!(&bytes[40..48], &[0_u8; 8]);
    // Embedded state header starts at offset 48.
    assert_eq!(&bytes[48..52], b"LOLO");
    assert_eq!(&bytes[48..52], &STATE_MAGIC.to_le_bytes());
    // V1 exit tail is all zero.
    assert_eq!(&bytes[944..976], &[0_u8; 32]);
}

#[test]
fn sequence_token_survives_wire_at_fixed_offset() {
    let message = v1_supervisor_exit();
    let bytes = message.to_wire_bytes();
    assert_eq!(&bytes[32..40], &message.sequence.to_le_bytes());
    let decoded = ForeignMessageV1::from_wire_bytes(&bytes).expect("decodes");
    assert_eq!(decoded.sequence, message.sequence);
}

// ======================================================================
// Decode golden vectors: decoding the frozen bytes must reproduce the exact
// value and every semantic accessor. These bytes are frozen, so the decode is
// independent of this crate's own to_wire_bytes.
// ======================================================================

#[test]
fn golden_v1_exits_decode_exactly() {
    let sup = ForeignMessageV1::from_wire_bytes(&GOLDEN_V1_SUPERVISOR_EXIT).expect("decodes");
    assert_eq!(sup, v1_supervisor_exit());
    assert_eq!(sup.exit_reason(), Ok(ExitReason::SupervisorCall));
    assert_eq!(sup.header.code, EXIT_SUPERVISOR_CALL);
    assert_eq!(sup.domain_id, 0x1122_3344_5566_7788);
    assert_eq!(sup.task_id, 0x99aa_bbcc_ddee_ff00);
    assert_eq!(sup.sequence, 0x0102_0304_0506_0708);

    let exc = ForeignMessageV1::from_wire_bytes(&GOLDEN_V1_EXCEPTION_EXIT).expect("decodes");
    assert_eq!(exc, v1_exception_exit());
    assert_eq!(exc.exit_reason(), Ok(ExitReason::Exception));

    let death = ForeignMessageV1::from_wire_bytes(&GOLDEN_V1_TASK_DEATH_EXIT).expect("decodes");
    assert_eq!(death, v1_task_death_exit());
    assert_eq!(death.exit_reason(), Ok(ExitReason::TaskDeath));
}

#[test]
fn golden_v2_kick_decodes_with_origins() {
    for (fixture, origin) in [
        (&GOLDEN_V2_KICK_ASYNCHRONOUS, KickOrigin::Asynchronous),
        (&GOLDEN_V2_KICK_SUPERVISOR_CALL, KickOrigin::SupervisorCall),
        (&GOLDEN_V2_KICK_EXCEPTION, KickOrigin::Exception),
    ] {
        let decoded = ForeignMessageV1::from_wire_bytes(fixture).expect("decodes");
        assert_eq!(decoded, v2_kick_exit(origin));
        assert_eq!(decoded.header.version, FOREIGN_VERSION_V2);
        assert_eq!(decoded.exit_reason(), Ok(ExitReason::Kick));
        assert_eq!(decoded.kick_origin(), Ok(origin));
    }
}

#[test]
fn golden_v3_wait_decodes_with_outcomes() {
    for (fixture, outcome) in [
        (&GOLDEN_V3_WAIT_WOKEN, WaitOutcome::Woken),
        (&GOLDEN_V3_WAIT_TIMED_OUT, WaitOutcome::TimedOut),
        (&GOLDEN_V3_WAIT_INTERRUPTED, WaitOutcome::Interrupted),
        (&GOLDEN_V3_WAIT_MAPPING_INVALIDATED, WaitOutcome::MappingInvalidated),
    ] {
        let decoded = ForeignMessageV1::from_wire_bytes(fixture).expect("decodes");
        assert_eq!(decoded, v3_wait_complete_exit(outcome));
        assert_eq!(decoded.header.version, FOREIGN_VERSION_V3);
        assert_eq!(decoded.exit_reason(), Ok(ExitReason::WaitComplete));
        assert_eq!(decoded.wait_outcome(), Ok(outcome));
    }
}

#[test]
fn golden_v4_frames_decode_exactly() {
    let wait = ForeignMessageV1::from_wire_bytes(&GOLDEN_V4_WAIT_COMPLETE).expect("decodes");
    assert_eq!(wait, v4_wait_complete_exit());
    assert_eq!(wait.header.version, FOREIGN_VERSION_V4);
    assert_eq!(wait.exit_reason(), Ok(ExitReason::WaitComplete));
    assert_eq!(wait.wait_outcome(), Ok(WaitOutcome::Woken));

    let kick = ForeignMessageV1::from_wire_bytes(&GOLDEN_V4_KICK).expect("decodes");
    assert_eq!(kick, v4_kick_exit());
    assert_eq!(kick.header.version, FOREIGN_VERSION_V4);
    assert_eq!(kick.exit_reason(), Ok(ExitReason::Kick));
    assert_eq!(kick.kick_origin(), Ok(KickOrigin::Exception));
}

#[test]
fn golden_replies_decode_and_validate() {
    let resume = ForeignMessageV1::from_wire_bytes(&GOLDEN_RESUME_REPLY).expect("decodes");
    assert_eq!(resume, resume_reply());
    assert_eq!(resume.validate_reply(0x1122_3344_5566_7788), Ok(ReplyKind::Resume));
    assert_eq!(resume.validate_reply(0), Err(ForeignError::WrongDomain));

    let terminate = ForeignMessageV1::from_wire_bytes(&GOLDEN_TERMINATE_REPLY).expect("decodes");
    assert_eq!(terminate, terminate_reply());
    assert_eq!(terminate.validate_reply(0x1122_3344_5566_7788), Ok(ReplyKind::Terminate));
}

#[test]
fn golden_wait_requests_decode_all_fields() {
    let park_nt = ForeignWaitU32RequestV1::from_wire_bytes(&GOLDEN_WAIT_PARK_NO_TIMEOUT).expect("decodes");
    assert_eq!(park_nt, wait_park_no_timeout());
    assert_eq!(park_nt.operation, WaitOperation::Park);
    assert_eq!(park_nt.sequence, 0x1122_3344_5566_7788);
    assert_eq!(park_nt.address, 0x0000_0000_0000_4000);
    assert_eq!(park_nt.expected, 0xfeed_beef);
    assert_eq!(park_nt.count, 0);
    assert_eq!(park_nt.timeout_ns, FOREIGN_WAIT_U32_NO_TIMEOUT);
    assert_eq!(park_nt.address2, 0);
    assert_eq!(park_nt.requeue_count, 0);

    let park_t = ForeignWaitU32RequestV1::from_wire_bytes(&GOLDEN_WAIT_PARK_TIMEOUT).expect("decodes");
    assert_eq!(park_t, wait_park_timeout());
    assert_eq!(park_t.timeout_ns, 0x0102_0304_0506_0708);

    let wake = ForeignWaitU32RequestV1::from_wire_bytes(&GOLDEN_WAIT_WAKE).expect("decodes");
    assert_eq!(wake, wait_wake());
    assert_eq!(wake.operation, WaitOperation::Wake);
    assert_eq!(wake.address, 0x0000_0000_cafe_0000);
    assert_eq!(wake.count, 0x1234_5678);

    let requeue = ForeignWaitU32RequestV1::from_wire_bytes(&GOLDEN_WAIT_REQUEUE).expect("decodes");
    assert_eq!(requeue, wait_requeue());
    assert_eq!(requeue.operation, WaitOperation::Requeue);
    assert_eq!(requeue.address, 0x0000_0000_1111_0000);
    assert_eq!(requeue.count, 0x0000_0007);
    assert_eq!(requeue.address2, 0x0000_0000_2222_0000);
    assert_eq!(requeue.requeue_count, 0x0000_0009);

    let interrupt = ForeignWaitU32RequestV1::from_wire_bytes(&GOLDEN_WAIT_INTERRUPT).expect("decodes");
    assert_eq!(interrupt, wait_interrupt());
    assert_eq!(interrupt.operation, WaitOperation::Interrupt);
    assert_eq!(interrupt.sequence, 0xaabb_ccdd_eeff_0011);
}

#[test]
fn fixtures_decode_encode_is_identity() {
    for fixture in [
        &GOLDEN_V1_SUPERVISOR_EXIT,
        &GOLDEN_V1_EXCEPTION_EXIT,
        &GOLDEN_V1_TASK_DEATH_EXIT,
        &GOLDEN_V2_KICK_ASYNCHRONOUS,
        &GOLDEN_V2_KICK_SUPERVISOR_CALL,
        &GOLDEN_V2_KICK_EXCEPTION,
        &GOLDEN_V3_WAIT_WOKEN,
        &GOLDEN_V3_WAIT_TIMED_OUT,
        &GOLDEN_V3_WAIT_INTERRUPTED,
        &GOLDEN_V3_WAIT_MAPPING_INVALIDATED,
        &GOLDEN_V4_WAIT_COMPLETE,
        &GOLDEN_V4_KICK,
        &GOLDEN_RESUME_REPLY,
        &GOLDEN_TERMINATE_REPLY,
    ] {
        let decoded = ForeignMessageV1::from_wire_bytes(fixture).expect("decodes");
        assert_eq!(&decoded.to_wire_bytes(), fixture);
    }
    for fixture in [
        &GOLDEN_WAIT_PARK_NO_TIMEOUT,
        &GOLDEN_WAIT_PARK_TIMEOUT,
        &GOLDEN_WAIT_WAKE,
        &GOLDEN_WAIT_REQUEUE,
        &GOLDEN_WAIT_INTERRUPT,
    ] {
        let decoded = ForeignWaitU32RequestV1::from_wire_bytes(fixture).expect("decodes");
        assert_eq!(&decoded.to_wire_bytes(), fixture);
    }
}

// ======================================================================
// Hostile / malformed input fixtures. Every expected variant below was
// discovered by running the old crate, not guessed.
// ======================================================================

const HOSTILE_MSG_TRUNCATED_975: [u8; 975] = [
    0x4c, 0x46, 0x4f, 0x52, 0x01, 0x00, 0x01, 0x00, 0xd0, 0x03, 0x00, 0x00, 0x01, 0x00, 0x00, 0x00, 
    0x88, 0x77, 0x66, 0x55, 0x44, 0x33, 0x22, 0x11, 0x00, 0xff, 0xee, 0xdd, 0xcc, 0xbb, 0xaa, 0x99, 
    0x08, 0x07, 0x06, 0x05, 0x04, 0x03, 0x02, 0x01, 0x00, 0x00, 0x00, 0x00, 0x00, 0x00, 0x00, 0x00, 
    0x4c, 0x4f, 0x4c, 0x4f, 0x01, 0x00, 0x01, 0x00, 0x80, 0x03, 0x00, 0x00, 0x00, 0x00, 0x00, 0x00, 
    0x00, 0x00, 0x00, 0x00, 0x00, 0x00, 0x00, 0x20, 0x01, 0x01, 0x00, 0x00, 0x00, 0x01, 0x00, 0x20, 
    0x02, 0x02, 0x00, 0x00, 0x00, 0x02, 0x00, 0x20, 0x03, 0x03, 0x00, 0x00, 0x00, 0x03, 0x00, 0x20, 
    0x04, 0x04, 0x00, 0x00, 0x00, 0x04, 0x00, 0x20, 0x05, 0x05, 0x00, 0x00, 0x00, 0x05, 0x00, 0x20, 
    0x06, 0x06, 0x00, 0x00, 0x00, 0x06, 0x00, 0x20, 0x07, 0x07, 0x00, 0x00, 0x00, 0x07, 0x00, 0x20, 
    0x08, 0x08, 0x00, 0x00, 0x00, 0x08, 0x00, 0x20, 0x09, 0x09, 0x00, 0x00, 0x00, 0x09, 0x00, 0x20, 
    0x0a, 0x0a, 0x00, 0x00, 0x00, 0x0a, 0x00, 0x20, 0x0b, 0x0b, 0x00, 0x00, 0x00, 0x0b, 0x00, 0x20, 
    0x0c, 0x0c, 0x00, 0x00, 0x00, 0x0c, 0x00, 0x20, 0x0d, 0x0d, 0x00, 0x00, 0x00, 0x0d, 0x00, 0x20, 
    0x0e, 0x0e, 0x00, 0x00, 0x00, 0x0e, 0x00, 0x20, 0x0f, 0x0f, 0x00, 0x00, 0x00, 0x0f, 0x00, 0x20, 
    0x10, 0x10, 0x00, 0x00, 0x00, 0x10, 0x00, 0x20, 0x11, 0x11, 0x00, 0x00, 0x00, 0x11, 0x00, 0x20, 
    0x12, 0x12, 0x00, 0x00, 0x00, 0x12, 0x00, 0x20, 0x13, 0x13, 0x00, 0x00, 0x00, 0x13, 0x00, 0x20, 
    0x14, 0x14, 0x00, 0x00, 0x00, 0x14, 0x00, 0x20, 0x15, 0x15, 0x00, 0x00, 0x00, 0x15, 0x00, 0x20, 
    0x16, 0x16, 0x00, 0x00, 0x00, 0x16, 0x00, 0x20, 0x17, 0x17, 0x00, 0x00, 0x00, 0x17, 0x00, 0x20, 
    0x18, 0x18, 0x00, 0x00, 0x00, 0x18, 0x00, 0x20, 0x19, 0x19, 0x00, 0x00, 0x00, 0x19, 0x00, 0x20, 
    0x1a, 0x1a, 0x00, 0x00, 0x00, 0x1a, 0x00, 0x20, 0x1b, 0x1b, 0x00, 0x00, 0x00, 0x1b, 0x00, 0x20, 
    0x1c, 0x1c, 0x00, 0x00, 0x00, 0x1c, 0x00, 0x20, 0x1d, 0x1d, 0x00, 0x00, 0x00, 0x1d, 0x00, 0x20, 
    0x1e, 0x1e, 0x00, 0x00, 0x00, 0x1e, 0x00, 0x20, 0x70, 0x66, 0x55, 0x44, 0x33, 0x22, 0x11, 0x00, 
    0x10, 0x10, 0x0f, 0x0e, 0x0d, 0x0c, 0x0b, 0x0a, 0x38, 0x37, 0x36, 0x35, 0x34, 0x33, 0x32, 0x31, 
    0x48, 0x47, 0x46, 0x45, 0x44, 0x43, 0x42, 0x41, 0x58, 0x57, 0x56, 0x55, 0x54, 0x53, 0x52, 0x51, 
    0x00, 0x00, 0x00, 0x00, 0x00, 0x00, 0x00, 0x60, 0x00, 0x00, 0x00, 0x00, 0x00, 0x00, 0x00, 0x70, 
    0x01, 0x00, 0x00, 0x00, 0x01, 0x00, 0x00, 0x60, 0x01, 0x00, 0x00, 0x00, 0x01, 0x00, 0x00, 0x70, 
    0x02, 0x00, 0x00, 0x00, 0x02, 0x00, 0x00, 0x60, 0x02, 0x00, 0x00, 0x00, 0x02, 0x00, 0x00, 0x70, 
    0x03, 0x00, 0x00, 0x00, 0x03, 0x00, 0x00, 0x60, 0x03, 0x00, 0x00, 0x00, 0x03, 0x00, 0x00, 0x70, 
    0x04, 0x00, 0x00, 0x00, 0x04, 0x00, 0x00, 0x60, 0x04, 0x00, 0x00, 0x00, 0x04, 0x00, 0x00, 0x70, 
    0x05, 0x00, 0x00, 0x00, 0x05, 0x00, 0x00, 0x60, 0x05, 0x00, 0x00, 0x00, 0x05, 0x00, 0x00, 0x70, 
    0x06, 0x00, 0x00, 0x00, 0x06, 0x00, 0x00, 0x60, 0x06, 0x00, 0x00, 0x00, 0x06, 0x00, 0x00, 0x70, 
    0x07, 0x00, 0x00, 0x00, 0x07, 0x00, 0x00, 0x60, 0x07, 0x00, 0x00, 0x00, 0x07, 0x00, 0x00, 0x70, 
    0x08, 0x00, 0x00, 0x00, 0x08, 0x00, 0x00, 0x60, 0x08, 0x00, 0x00, 0x00, 0x08, 0x00, 0x00, 0x70, 
    0x09, 0x00, 0x00, 0x00, 0x09, 0x00, 0x00, 0x60, 0x09, 0x00, 0x00, 0x00, 0x09, 0x00, 0x00, 0x70, 
    0x0a, 0x00, 0x00, 0x00, 0x0a, 0x00, 0x00, 0x60, 0x0a, 0x00, 0x00, 0x00, 0x0a, 0x00, 0x00, 0x70, 
    0x0b, 0x00, 0x00, 0x00, 0x0b, 0x00, 0x00, 0x60, 0x0b, 0x00, 0x00, 0x00, 0x0b, 0x00, 0x00, 0x70, 
    0x0c, 0x00, 0x00, 0x00, 0x0c, 0x00, 0x00, 0x60, 0x0c, 0x00, 0x00, 0x00, 0x0c, 0x00, 0x00, 0x70, 
    0x0d, 0x00, 0x00, 0x00, 0x0d, 0x00, 0x00, 0x60, 0x0d, 0x00, 0x00, 0x00, 0x0d, 0x00, 0x00, 0x70, 
    0x0e, 0x00, 0x00, 0x00, 0x0e, 0x00, 0x00, 0x60, 0x0e, 0x00, 0x00, 0x00, 0x0e, 0x00, 0x00, 0x70, 
    0x0f, 0x00, 0x00, 0x00, 0x0f, 0x00, 0x00, 0x60, 0x0f, 0x00, 0x00, 0x00, 0x0f, 0x00, 0x00, 0x70, 
    0x10, 0x00, 0x00, 0x00, 0x10, 0x00, 0x00, 0x60, 0x10, 0x00, 0x00, 0x00, 0x10, 0x00, 0x00, 0x70, 
    0x11, 0x00, 0x00, 0x00, 0x11, 0x00, 0x00, 0x60, 0x11, 0x00, 0x00, 0x00, 0x11, 0x00, 0x00, 0x70, 
    0x12, 0x00, 0x00, 0x00, 0x12, 0x00, 0x00, 0x60, 0x12, 0x00, 0x00, 0x00, 0x12, 0x00, 0x00, 0x70, 
    0x13, 0x00, 0x00, 0x00, 0x13, 0x00, 0x00, 0x60, 0x13, 0x00, 0x00, 0x00, 0x13, 0x00, 0x00, 0x70, 
    0x14, 0x00, 0x00, 0x00, 0x14, 0x00, 0x00, 0x60, 0x14, 0x00, 0x00, 0x00, 0x14, 0x00, 0x00, 0x70, 
    0x15, 0x00, 0x00, 0x00, 0x15, 0x00, 0x00, 0x60, 0x15, 0x00, 0x00, 0x00, 0x15, 0x00, 0x00, 0x70, 
    0x16, 0x00, 0x00, 0x00, 0x16, 0x00, 0x00, 0x60, 0x16, 0x00, 0x00, 0x00, 0x16, 0x00, 0x00, 0x70, 
    0x17, 0x00, 0x00, 0x00, 0x17, 0x00, 0x00, 0x60, 0x17, 0x00, 0x00, 0x00, 0x17, 0x00, 0x00, 0x70, 
    0x18, 0x00, 0x00, 0x00, 0x18, 0x00, 0x00, 0x60, 0x18, 0x00, 0x00, 0x00, 0x18, 0x00, 0x00, 0x70, 
    0x19, 0x00, 0x00, 0x00, 0x19, 0x00, 0x00, 0x60, 0x19, 0x00, 0x00, 0x00, 0x19, 0x00, 0x00, 0x70, 
    0x1a, 0x00, 0x00, 0x00, 0x1a, 0x00, 0x00, 0x60, 0x1a, 0x00, 0x00, 0x00, 0x1a, 0x00, 0x00, 0x70, 
    0x1b, 0x00, 0x00, 0x00, 0x1b, 0x00, 0x00, 0x60, 0x1b, 0x00, 0x00, 0x00, 0x1b, 0x00, 0x00, 0x70, 
    0x1c, 0x00, 0x00, 0x00, 0x1c, 0x00, 0x00, 0x60, 0x1c, 0x00, 0x00, 0x00, 0x1c, 0x00, 0x00, 0x70, 
    0x1d, 0x00, 0x00, 0x00, 0x1d, 0x00, 0x00, 0x60, 0x1d, 0x00, 0x00, 0x00, 0x1d, 0x00, 0x00, 0x70, 
    0x1e, 0x00, 0x00, 0x00, 0x1e, 0x00, 0x00, 0x60, 0x1e, 0x00, 0x00, 0x00, 0x1e, 0x00, 0x00, 0x70, 
    0x1f, 0x00, 0x00, 0x00, 0x1f, 0x00, 0x00, 0x60, 0x1f, 0x00, 0x00, 0x00, 0x1f, 0x00, 0x00, 0x70, 
    0x84, 0x83, 0x82, 0x81, 0x94, 0x93, 0x92, 0x91, 0xa4, 0xa3, 0xa2, 0xa1, 0xb4, 0xb3, 0xb2, 0xb1, 
    0xc8, 0xc7, 0xc6, 0xc5, 0xc4, 0xc3, 0xc2, 0xc1, 0xd8, 0xd7, 0xd6, 0xd5, 0xd4, 0xd3, 0xd2, 0xd1, 
    0xe8, 0xe7, 0xe6, 0xe5, 0xe4, 0xe3, 0xe2, 0xe1, 0x00, 0x00, 0x00, 0x00, 0x00, 0x00, 0x00, 0x00, 
    0x00, 0x00, 0x00, 0x00, 0x00, 0x00, 0x00, 0x00, 0x00, 0x00, 0x00, 0x00, 0x00, 0x00, 0x00, 0x00, 
    0x00, 0x00, 0x00, 0x00, 0x00, 0x00, 0x00, 0x00, 0x00, 0x00, 0x00, 0x00, 0x00, 0x00, 0x00, 0x00, 
    0x00, 0x00, 0x00, 0x00, 0x00, 0x00, 0x00, 0x00, 0x00, 0x00, 0x00, 0x00, 0x00, 0x00, 0x00, 0x00, 
    0x00, 0x00, 0x00, 0x00, 0x00, 0x00, 0x00, 0x00, 0x00, 0x00, 0x00, 0x00, 0x00, 0x00, 0x00, 
];

const HOSTILE_MSG_TRUNCATED_512: [u8; 512] = [
    0x4c, 0x46, 0x4f, 0x52, 0x01, 0x00, 0x01, 0x00, 0xd0, 0x03, 0x00, 0x00, 0x01, 0x00, 0x00, 0x00, 
    0x88, 0x77, 0x66, 0x55, 0x44, 0x33, 0x22, 0x11, 0x00, 0xff, 0xee, 0xdd, 0xcc, 0xbb, 0xaa, 0x99, 
    0x08, 0x07, 0x06, 0x05, 0x04, 0x03, 0x02, 0x01, 0x00, 0x00, 0x00, 0x00, 0x00, 0x00, 0x00, 0x00, 
    0x4c, 0x4f, 0x4c, 0x4f, 0x01, 0x00, 0x01, 0x00, 0x80, 0x03, 0x00, 0x00, 0x00, 0x00, 0x00, 0x00, 
    0x00, 0x00, 0x00, 0x00, 0x00, 0x00, 0x00, 0x20, 0x01, 0x01, 0x00, 0x00, 0x00, 0x01, 0x00, 0x20, 
    0x02, 0x02, 0x00, 0x00, 0x00, 0x02, 0x00, 0x20, 0x03, 0x03, 0x00, 0x00, 0x00, 0x03, 0x00, 0x20, 
    0x04, 0x04, 0x00, 0x00, 0x00, 0x04, 0x00, 0x20, 0x05, 0x05, 0x00, 0x00, 0x00, 0x05, 0x00, 0x20, 
    0x06, 0x06, 0x00, 0x00, 0x00, 0x06, 0x00, 0x20, 0x07, 0x07, 0x00, 0x00, 0x00, 0x07, 0x00, 0x20, 
    0x08, 0x08, 0x00, 0x00, 0x00, 0x08, 0x00, 0x20, 0x09, 0x09, 0x00, 0x00, 0x00, 0x09, 0x00, 0x20, 
    0x0a, 0x0a, 0x00, 0x00, 0x00, 0x0a, 0x00, 0x20, 0x0b, 0x0b, 0x00, 0x00, 0x00, 0x0b, 0x00, 0x20, 
    0x0c, 0x0c, 0x00, 0x00, 0x00, 0x0c, 0x00, 0x20, 0x0d, 0x0d, 0x00, 0x00, 0x00, 0x0d, 0x00, 0x20, 
    0x0e, 0x0e, 0x00, 0x00, 0x00, 0x0e, 0x00, 0x20, 0x0f, 0x0f, 0x00, 0x00, 0x00, 0x0f, 0x00, 0x20, 
    0x10, 0x10, 0x00, 0x00, 0x00, 0x10, 0x00, 0x20, 0x11, 0x11, 0x00, 0x00, 0x00, 0x11, 0x00, 0x20, 
    0x12, 0x12, 0x00, 0x00, 0x00, 0x12, 0x00, 0x20, 0x13, 0x13, 0x00, 0x00, 0x00, 0x13, 0x00, 0x20, 
    0x14, 0x14, 0x00, 0x00, 0x00, 0x14, 0x00, 0x20, 0x15, 0x15, 0x00, 0x00, 0x00, 0x15, 0x00, 0x20, 
    0x16, 0x16, 0x00, 0x00, 0x00, 0x16, 0x00, 0x20, 0x17, 0x17, 0x00, 0x00, 0x00, 0x17, 0x00, 0x20, 
    0x18, 0x18, 0x00, 0x00, 0x00, 0x18, 0x00, 0x20, 0x19, 0x19, 0x00, 0x00, 0x00, 0x19, 0x00, 0x20, 
    0x1a, 0x1a, 0x00, 0x00, 0x00, 0x1a, 0x00, 0x20, 0x1b, 0x1b, 0x00, 0x00, 0x00, 0x1b, 0x00, 0x20, 
    0x1c, 0x1c, 0x00, 0x00, 0x00, 0x1c, 0x00, 0x20, 0x1d, 0x1d, 0x00, 0x00, 0x00, 0x1d, 0x00, 0x20, 
    0x1e, 0x1e, 0x00, 0x00, 0x00, 0x1e, 0x00, 0x20, 0x70, 0x66, 0x55, 0x44, 0x33, 0x22, 0x11, 0x00, 
    0x10, 0x10, 0x0f, 0x0e, 0x0d, 0x0c, 0x0b, 0x0a, 0x38, 0x37, 0x36, 0x35, 0x34, 0x33, 0x32, 0x31, 
    0x48, 0x47, 0x46, 0x45, 0x44, 0x43, 0x42, 0x41, 0x58, 0x57, 0x56, 0x55, 0x54, 0x53, 0x52, 0x51, 
    0x00, 0x00, 0x00, 0x00, 0x00, 0x00, 0x00, 0x60, 0x00, 0x00, 0x00, 0x00, 0x00, 0x00, 0x00, 0x70, 
    0x01, 0x00, 0x00, 0x00, 0x01, 0x00, 0x00, 0x60, 0x01, 0x00, 0x00, 0x00, 0x01, 0x00, 0x00, 0x70, 
    0x02, 0x00, 0x00, 0x00, 0x02, 0x00, 0x00, 0x60, 0x02, 0x00, 0x00, 0x00, 0x02, 0x00, 0x00, 0x70, 
    0x03, 0x00, 0x00, 0x00, 0x03, 0x00, 0x00, 0x60, 0x03, 0x00, 0x00, 0x00, 0x03, 0x00, 0x00, 0x70, 
    0x04, 0x00, 0x00, 0x00, 0x04, 0x00, 0x00, 0x60, 0x04, 0x00, 0x00, 0x00, 0x04, 0x00, 0x00, 0x70, 
    0x05, 0x00, 0x00, 0x00, 0x05, 0x00, 0x00, 0x60, 0x05, 0x00, 0x00, 0x00, 0x05, 0x00, 0x00, 0x70, 
    0x06, 0x00, 0x00, 0x00, 0x06, 0x00, 0x00, 0x60, 0x06, 0x00, 0x00, 0x00, 0x06, 0x00, 0x00, 0x70, 
    0x07, 0x00, 0x00, 0x00, 0x07, 0x00, 0x00, 0x60, 0x07, 0x00, 0x00, 0x00, 0x07, 0x00, 0x00, 0x70, 
    0x08, 0x00, 0x00, 0x00, 0x08, 0x00, 0x00, 0x60, 0x08, 0x00, 0x00, 0x00, 0x08, 0x00, 0x00, 0x70, 
    0x09, 0x00, 0x00, 0x00, 0x09, 0x00, 0x00, 0x60, 0x09, 0x00, 0x00, 0x00, 0x09, 0x00, 0x00, 0x70, 
];

const HOSTILE_MSG_TRUNCATED_0: [u8; 0] = [
];

const HOSTILE_MSG_OVERSIZED_977: [u8; 977] = [
    0x4c, 0x46, 0x4f, 0x52, 0x01, 0x00, 0x01, 0x00, 0xd0, 0x03, 0x00, 0x00, 0x01, 0x00, 0x00, 0x00, 
    0x88, 0x77, 0x66, 0x55, 0x44, 0x33, 0x22, 0x11, 0x00, 0xff, 0xee, 0xdd, 0xcc, 0xbb, 0xaa, 0x99, 
    0x08, 0x07, 0x06, 0x05, 0x04, 0x03, 0x02, 0x01, 0x00, 0x00, 0x00, 0x00, 0x00, 0x00, 0x00, 0x00, 
    0x4c, 0x4f, 0x4c, 0x4f, 0x01, 0x00, 0x01, 0x00, 0x80, 0x03, 0x00, 0x00, 0x00, 0x00, 0x00, 0x00, 
    0x00, 0x00, 0x00, 0x00, 0x00, 0x00, 0x00, 0x20, 0x01, 0x01, 0x00, 0x00, 0x00, 0x01, 0x00, 0x20, 
    0x02, 0x02, 0x00, 0x00, 0x00, 0x02, 0x00, 0x20, 0x03, 0x03, 0x00, 0x00, 0x00, 0x03, 0x00, 0x20, 
    0x04, 0x04, 0x00, 0x00, 0x00, 0x04, 0x00, 0x20, 0x05, 0x05, 0x00, 0x00, 0x00, 0x05, 0x00, 0x20, 
    0x06, 0x06, 0x00, 0x00, 0x00, 0x06, 0x00, 0x20, 0x07, 0x07, 0x00, 0x00, 0x00, 0x07, 0x00, 0x20, 
    0x08, 0x08, 0x00, 0x00, 0x00, 0x08, 0x00, 0x20, 0x09, 0x09, 0x00, 0x00, 0x00, 0x09, 0x00, 0x20, 
    0x0a, 0x0a, 0x00, 0x00, 0x00, 0x0a, 0x00, 0x20, 0x0b, 0x0b, 0x00, 0x00, 0x00, 0x0b, 0x00, 0x20, 
    0x0c, 0x0c, 0x00, 0x00, 0x00, 0x0c, 0x00, 0x20, 0x0d, 0x0d, 0x00, 0x00, 0x00, 0x0d, 0x00, 0x20, 
    0x0e, 0x0e, 0x00, 0x00, 0x00, 0x0e, 0x00, 0x20, 0x0f, 0x0f, 0x00, 0x00, 0x00, 0x0f, 0x00, 0x20, 
    0x10, 0x10, 0x00, 0x00, 0x00, 0x10, 0x00, 0x20, 0x11, 0x11, 0x00, 0x00, 0x00, 0x11, 0x00, 0x20, 
    0x12, 0x12, 0x00, 0x00, 0x00, 0x12, 0x00, 0x20, 0x13, 0x13, 0x00, 0x00, 0x00, 0x13, 0x00, 0x20, 
    0x14, 0x14, 0x00, 0x00, 0x00, 0x14, 0x00, 0x20, 0x15, 0x15, 0x00, 0x00, 0x00, 0x15, 0x00, 0x20, 
    0x16, 0x16, 0x00, 0x00, 0x00, 0x16, 0x00, 0x20, 0x17, 0x17, 0x00, 0x00, 0x00, 0x17, 0x00, 0x20, 
    0x18, 0x18, 0x00, 0x00, 0x00, 0x18, 0x00, 0x20, 0x19, 0x19, 0x00, 0x00, 0x00, 0x19, 0x00, 0x20, 
    0x1a, 0x1a, 0x00, 0x00, 0x00, 0x1a, 0x00, 0x20, 0x1b, 0x1b, 0x00, 0x00, 0x00, 0x1b, 0x00, 0x20, 
    0x1c, 0x1c, 0x00, 0x00, 0x00, 0x1c, 0x00, 0x20, 0x1d, 0x1d, 0x00, 0x00, 0x00, 0x1d, 0x00, 0x20, 
    0x1e, 0x1e, 0x00, 0x00, 0x00, 0x1e, 0x00, 0x20, 0x70, 0x66, 0x55, 0x44, 0x33, 0x22, 0x11, 0x00, 
    0x10, 0x10, 0x0f, 0x0e, 0x0d, 0x0c, 0x0b, 0x0a, 0x38, 0x37, 0x36, 0x35, 0x34, 0x33, 0x32, 0x31, 
    0x48, 0x47, 0x46, 0x45, 0x44, 0x43, 0x42, 0x41, 0x58, 0x57, 0x56, 0x55, 0x54, 0x53, 0x52, 0x51, 
    0x00, 0x00, 0x00, 0x00, 0x00, 0x00, 0x00, 0x60, 0x00, 0x00, 0x00, 0x00, 0x00, 0x00, 0x00, 0x70, 
    0x01, 0x00, 0x00, 0x00, 0x01, 0x00, 0x00, 0x60, 0x01, 0x00, 0x00, 0x00, 0x01, 0x00, 0x00, 0x70, 
    0x02, 0x00, 0x00, 0x00, 0x02, 0x00, 0x00, 0x60, 0x02, 0x00, 0x00, 0x00, 0x02, 0x00, 0x00, 0x70, 
    0x03, 0x00, 0x00, 0x00, 0x03, 0x00, 0x00, 0x60, 0x03, 0x00, 0x00, 0x00, 0x03, 0x00, 0x00, 0x70, 
    0x04, 0x00, 0x00, 0x00, 0x04, 0x00, 0x00, 0x60, 0x04, 0x00, 0x00, 0x00, 0x04, 0x00, 0x00, 0x70, 
    0x05, 0x00, 0x00, 0x00, 0x05, 0x00, 0x00, 0x60, 0x05, 0x00, 0x00, 0x00, 0x05, 0x00, 0x00, 0x70, 
    0x06, 0x00, 0x00, 0x00, 0x06, 0x00, 0x00, 0x60, 0x06, 0x00, 0x00, 0x00, 0x06, 0x00, 0x00, 0x70, 
    0x07, 0x00, 0x00, 0x00, 0x07, 0x00, 0x00, 0x60, 0x07, 0x00, 0x00, 0x00, 0x07, 0x00, 0x00, 0x70, 
    0x08, 0x00, 0x00, 0x00, 0x08, 0x00, 0x00, 0x60, 0x08, 0x00, 0x00, 0x00, 0x08, 0x00, 0x00, 0x70, 
    0x09, 0x00, 0x00, 0x00, 0x09, 0x00, 0x00, 0x60, 0x09, 0x00, 0x00, 0x00, 0x09, 0x00, 0x00, 0x70, 
    0x0a, 0x00, 0x00, 0x00, 0x0a, 0x00, 0x00, 0x60, 0x0a, 0x00, 0x00, 0x00, 0x0a, 0x00, 0x00, 0x70, 
    0x0b, 0x00, 0x00, 0x00, 0x0b, 0x00, 0x00, 0x60, 0x0b, 0x00, 0x00, 0x00, 0x0b, 0x00, 0x00, 0x70, 
    0x0c, 0x00, 0x00, 0x00, 0x0c, 0x00, 0x00, 0x60, 0x0c, 0x00, 0x00, 0x00, 0x0c, 0x00, 0x00, 0x70, 
    0x0d, 0x00, 0x00, 0x00, 0x0d, 0x00, 0x00, 0x60, 0x0d, 0x00, 0x00, 0x00, 0x0d, 0x00, 0x00, 0x70, 
    0x0e, 0x00, 0x00, 0x00, 0x0e, 0x00, 0x00, 0x60, 0x0e, 0x00, 0x00, 0x00, 0x0e, 0x00, 0x00, 0x70, 
    0x0f, 0x00, 0x00, 0x00, 0x0f, 0x00, 0x00, 0x60, 0x0f, 0x00, 0x00, 0x00, 0x0f, 0x00, 0x00, 0x70, 
    0x10, 0x00, 0x00, 0x00, 0x10, 0x00, 0x00, 0x60, 0x10, 0x00, 0x00, 0x00, 0x10, 0x00, 0x00, 0x70, 
    0x11, 0x00, 0x00, 0x00, 0x11, 0x00, 0x00, 0x60, 0x11, 0x00, 0x00, 0x00, 0x11, 0x00, 0x00, 0x70, 
    0x12, 0x00, 0x00, 0x00, 0x12, 0x00, 0x00, 0x60, 0x12, 0x00, 0x00, 0x00, 0x12, 0x00, 0x00, 0x70, 
    0x13, 0x00, 0x00, 0x00, 0x13, 0x00, 0x00, 0x60, 0x13, 0x00, 0x00, 0x00, 0x13, 0x00, 0x00, 0x70, 
    0x14, 0x00, 0x00, 0x00, 0x14, 0x00, 0x00, 0x60, 0x14, 0x00, 0x00, 0x00, 0x14, 0x00, 0x00, 0x70, 
    0x15, 0x00, 0x00, 0x00, 0x15, 0x00, 0x00, 0x60, 0x15, 0x00, 0x00, 0x00, 0x15, 0x00, 0x00, 0x70, 
    0x16, 0x00, 0x00, 0x00, 0x16, 0x00, 0x00, 0x60, 0x16, 0x00, 0x00, 0x00, 0x16, 0x00, 0x00, 0x70, 
    0x17, 0x00, 0x00, 0x00, 0x17, 0x00, 0x00, 0x60, 0x17, 0x00, 0x00, 0x00, 0x17, 0x00, 0x00, 0x70, 
    0x18, 0x00, 0x00, 0x00, 0x18, 0x00, 0x00, 0x60, 0x18, 0x00, 0x00, 0x00, 0x18, 0x00, 0x00, 0x70, 
    0x19, 0x00, 0x00, 0x00, 0x19, 0x00, 0x00, 0x60, 0x19, 0x00, 0x00, 0x00, 0x19, 0x00, 0x00, 0x70, 
    0x1a, 0x00, 0x00, 0x00, 0x1a, 0x00, 0x00, 0x60, 0x1a, 0x00, 0x00, 0x00, 0x1a, 0x00, 0x00, 0x70, 
    0x1b, 0x00, 0x00, 0x00, 0x1b, 0x00, 0x00, 0x60, 0x1b, 0x00, 0x00, 0x00, 0x1b, 0x00, 0x00, 0x70, 
    0x1c, 0x00, 0x00, 0x00, 0x1c, 0x00, 0x00, 0x60, 0x1c, 0x00, 0x00, 0x00, 0x1c, 0x00, 0x00, 0x70, 
    0x1d, 0x00, 0x00, 0x00, 0x1d, 0x00, 0x00, 0x60, 0x1d, 0x00, 0x00, 0x00, 0x1d, 0x00, 0x00, 0x70, 
    0x1e, 0x00, 0x00, 0x00, 0x1e, 0x00, 0x00, 0x60, 0x1e, 0x00, 0x00, 0x00, 0x1e, 0x00, 0x00, 0x70, 
    0x1f, 0x00, 0x00, 0x00, 0x1f, 0x00, 0x00, 0x60, 0x1f, 0x00, 0x00, 0x00, 0x1f, 0x00, 0x00, 0x70, 
    0x84, 0x83, 0x82, 0x81, 0x94, 0x93, 0x92, 0x91, 0xa4, 0xa3, 0xa2, 0xa1, 0xb4, 0xb3, 0xb2, 0xb1, 
    0xc8, 0xc7, 0xc6, 0xc5, 0xc4, 0xc3, 0xc2, 0xc1, 0xd8, 0xd7, 0xd6, 0xd5, 0xd4, 0xd3, 0xd2, 0xd1, 
    0xe8, 0xe7, 0xe6, 0xe5, 0xe4, 0xe3, 0xe2, 0xe1, 0x00, 0x00, 0x00, 0x00, 0x00, 0x00, 0x00, 0x00, 
    0x00, 0x00, 0x00, 0x00, 0x00, 0x00, 0x00, 0x00, 0x00, 0x00, 0x00, 0x00, 0x00, 0x00, 0x00, 0x00, 
    0x00, 0x00, 0x00, 0x00, 0x00, 0x00, 0x00, 0x00, 0x00, 0x00, 0x00, 0x00, 0x00, 0x00, 0x00, 0x00, 
    0x00, 0x00, 0x00, 0x00, 0x00, 0x00, 0x00, 0x00, 0x00, 0x00, 0x00, 0x00, 0x00, 0x00, 0x00, 0x00, 
    0x00, 0x00, 0x00, 0x00, 0x00, 0x00, 0x00, 0x00, 0x00, 0x00, 0x00, 0x00, 0x00, 0x00, 0x00, 0x00, 
    0x00, 
];

const HOSTILE_MSG_BAD_MAGIC: [u8; 976] = [
    0x00, 0x00, 0x00, 0x00, 0x01, 0x00, 0x01, 0x00, 0xd0, 0x03, 0x00, 0x00, 0x01, 0x00, 0x00, 0x00, 
    0x88, 0x77, 0x66, 0x55, 0x44, 0x33, 0x22, 0x11, 0x00, 0xff, 0xee, 0xdd, 0xcc, 0xbb, 0xaa, 0x99, 
    0x08, 0x07, 0x06, 0x05, 0x04, 0x03, 0x02, 0x01, 0x00, 0x00, 0x00, 0x00, 0x00, 0x00, 0x00, 0x00, 
    0x4c, 0x4f, 0x4c, 0x4f, 0x01, 0x00, 0x01, 0x00, 0x80, 0x03, 0x00, 0x00, 0x00, 0x00, 0x00, 0x00, 
    0x00, 0x00, 0x00, 0x00, 0x00, 0x00, 0x00, 0x20, 0x01, 0x01, 0x00, 0x00, 0x00, 0x01, 0x00, 0x20, 
    0x02, 0x02, 0x00, 0x00, 0x00, 0x02, 0x00, 0x20, 0x03, 0x03, 0x00, 0x00, 0x00, 0x03, 0x00, 0x20, 
    0x04, 0x04, 0x00, 0x00, 0x00, 0x04, 0x00, 0x20, 0x05, 0x05, 0x00, 0x00, 0x00, 0x05, 0x00, 0x20, 
    0x06, 0x06, 0x00, 0x00, 0x00, 0x06, 0x00, 0x20, 0x07, 0x07, 0x00, 0x00, 0x00, 0x07, 0x00, 0x20, 
    0x08, 0x08, 0x00, 0x00, 0x00, 0x08, 0x00, 0x20, 0x09, 0x09, 0x00, 0x00, 0x00, 0x09, 0x00, 0x20, 
    0x0a, 0x0a, 0x00, 0x00, 0x00, 0x0a, 0x00, 0x20, 0x0b, 0x0b, 0x00, 0x00, 0x00, 0x0b, 0x00, 0x20, 
    0x0c, 0x0c, 0x00, 0x00, 0x00, 0x0c, 0x00, 0x20, 0x0d, 0x0d, 0x00, 0x00, 0x00, 0x0d, 0x00, 0x20, 
    0x0e, 0x0e, 0x00, 0x00, 0x00, 0x0e, 0x00, 0x20, 0x0f, 0x0f, 0x00, 0x00, 0x00, 0x0f, 0x00, 0x20, 
    0x10, 0x10, 0x00, 0x00, 0x00, 0x10, 0x00, 0x20, 0x11, 0x11, 0x00, 0x00, 0x00, 0x11, 0x00, 0x20, 
    0x12, 0x12, 0x00, 0x00, 0x00, 0x12, 0x00, 0x20, 0x13, 0x13, 0x00, 0x00, 0x00, 0x13, 0x00, 0x20, 
    0x14, 0x14, 0x00, 0x00, 0x00, 0x14, 0x00, 0x20, 0x15, 0x15, 0x00, 0x00, 0x00, 0x15, 0x00, 0x20, 
    0x16, 0x16, 0x00, 0x00, 0x00, 0x16, 0x00, 0x20, 0x17, 0x17, 0x00, 0x00, 0x00, 0x17, 0x00, 0x20, 
    0x18, 0x18, 0x00, 0x00, 0x00, 0x18, 0x00, 0x20, 0x19, 0x19, 0x00, 0x00, 0x00, 0x19, 0x00, 0x20, 
    0x1a, 0x1a, 0x00, 0x00, 0x00, 0x1a, 0x00, 0x20, 0x1b, 0x1b, 0x00, 0x00, 0x00, 0x1b, 0x00, 0x20, 
    0x1c, 0x1c, 0x00, 0x00, 0x00, 0x1c, 0x00, 0x20, 0x1d, 0x1d, 0x00, 0x00, 0x00, 0x1d, 0x00, 0x20, 
    0x1e, 0x1e, 0x00, 0x00, 0x00, 0x1e, 0x00, 0x20, 0x70, 0x66, 0x55, 0x44, 0x33, 0x22, 0x11, 0x00, 
    0x10, 0x10, 0x0f, 0x0e, 0x0d, 0x0c, 0x0b, 0x0a, 0x38, 0x37, 0x36, 0x35, 0x34, 0x33, 0x32, 0x31, 
    0x48, 0x47, 0x46, 0x45, 0x44, 0x43, 0x42, 0x41, 0x58, 0x57, 0x56, 0x55, 0x54, 0x53, 0x52, 0x51, 
    0x00, 0x00, 0x00, 0x00, 0x00, 0x00, 0x00, 0x60, 0x00, 0x00, 0x00, 0x00, 0x00, 0x00, 0x00, 0x70, 
    0x01, 0x00, 0x00, 0x00, 0x01, 0x00, 0x00, 0x60, 0x01, 0x00, 0x00, 0x00, 0x01, 0x00, 0x00, 0x70, 
    0x02, 0x00, 0x00, 0x00, 0x02, 0x00, 0x00, 0x60, 0x02, 0x00, 0x00, 0x00, 0x02, 0x00, 0x00, 0x70, 
    0x03, 0x00, 0x00, 0x00, 0x03, 0x00, 0x00, 0x60, 0x03, 0x00, 0x00, 0x00, 0x03, 0x00, 0x00, 0x70, 
    0x04, 0x00, 0x00, 0x00, 0x04, 0x00, 0x00, 0x60, 0x04, 0x00, 0x00, 0x00, 0x04, 0x00, 0x00, 0x70, 
    0x05, 0x00, 0x00, 0x00, 0x05, 0x00, 0x00, 0x60, 0x05, 0x00, 0x00, 0x00, 0x05, 0x00, 0x00, 0x70, 
    0x06, 0x00, 0x00, 0x00, 0x06, 0x00, 0x00, 0x60, 0x06, 0x00, 0x00, 0x00, 0x06, 0x00, 0x00, 0x70, 
    0x07, 0x00, 0x00, 0x00, 0x07, 0x00, 0x00, 0x60, 0x07, 0x00, 0x00, 0x00, 0x07, 0x00, 0x00, 0x70, 
    0x08, 0x00, 0x00, 0x00, 0x08, 0x00, 0x00, 0x60, 0x08, 0x00, 0x00, 0x00, 0x08, 0x00, 0x00, 0x70, 
    0x09, 0x00, 0x00, 0x00, 0x09, 0x00, 0x00, 0x60, 0x09, 0x00, 0x00, 0x00, 0x09, 0x00, 0x00, 0x70, 
    0x0a, 0x00, 0x00, 0x00, 0x0a, 0x00, 0x00, 0x60, 0x0a, 0x00, 0x00, 0x00, 0x0a, 0x00, 0x00, 0x70, 
    0x0b, 0x00, 0x00, 0x00, 0x0b, 0x00, 0x00, 0x60, 0x0b, 0x00, 0x00, 0x00, 0x0b, 0x00, 0x00, 0x70, 
    0x0c, 0x00, 0x00, 0x00, 0x0c, 0x00, 0x00, 0x60, 0x0c, 0x00, 0x00, 0x00, 0x0c, 0x00, 0x00, 0x70, 
    0x0d, 0x00, 0x00, 0x00, 0x0d, 0x00, 0x00, 0x60, 0x0d, 0x00, 0x00, 0x00, 0x0d, 0x00, 0x00, 0x70, 
    0x0e, 0x00, 0x00, 0x00, 0x0e, 0x00, 0x00, 0x60, 0x0e, 0x00, 0x00, 0x00, 0x0e, 0x00, 0x00, 0x70, 
    0x0f, 0x00, 0x00, 0x00, 0x0f, 0x00, 0x00, 0x60, 0x0f, 0x00, 0x00, 0x00, 0x0f, 0x00, 0x00, 0x70, 
    0x10, 0x00, 0x00, 0x00, 0x10, 0x00, 0x00, 0x60, 0x10, 0x00, 0x00, 0x00, 0x10, 0x00, 0x00, 0x70, 
    0x11, 0x00, 0x00, 0x00, 0x11, 0x00, 0x00, 0x60, 0x11, 0x00, 0x00, 0x00, 0x11, 0x00, 0x00, 0x70, 
    0x12, 0x00, 0x00, 0x00, 0x12, 0x00, 0x00, 0x60, 0x12, 0x00, 0x00, 0x00, 0x12, 0x00, 0x00, 0x70, 
    0x13, 0x00, 0x00, 0x00, 0x13, 0x00, 0x00, 0x60, 0x13, 0x00, 0x00, 0x00, 0x13, 0x00, 0x00, 0x70, 
    0x14, 0x00, 0x00, 0x00, 0x14, 0x00, 0x00, 0x60, 0x14, 0x00, 0x00, 0x00, 0x14, 0x00, 0x00, 0x70, 
    0x15, 0x00, 0x00, 0x00, 0x15, 0x00, 0x00, 0x60, 0x15, 0x00, 0x00, 0x00, 0x15, 0x00, 0x00, 0x70, 
    0x16, 0x00, 0x00, 0x00, 0x16, 0x00, 0x00, 0x60, 0x16, 0x00, 0x00, 0x00, 0x16, 0x00, 0x00, 0x70, 
    0x17, 0x00, 0x00, 0x00, 0x17, 0x00, 0x00, 0x60, 0x17, 0x00, 0x00, 0x00, 0x17, 0x00, 0x00, 0x70, 
    0x18, 0x00, 0x00, 0x00, 0x18, 0x00, 0x00, 0x60, 0x18, 0x00, 0x00, 0x00, 0x18, 0x00, 0x00, 0x70, 
    0x19, 0x00, 0x00, 0x00, 0x19, 0x00, 0x00, 0x60, 0x19, 0x00, 0x00, 0x00, 0x19, 0x00, 0x00, 0x70, 
    0x1a, 0x00, 0x00, 0x00, 0x1a, 0x00, 0x00, 0x60, 0x1a, 0x00, 0x00, 0x00, 0x1a, 0x00, 0x00, 0x70, 
    0x1b, 0x00, 0x00, 0x00, 0x1b, 0x00, 0x00, 0x60, 0x1b, 0x00, 0x00, 0x00, 0x1b, 0x00, 0x00, 0x70, 
    0x1c, 0x00, 0x00, 0x00, 0x1c, 0x00, 0x00, 0x60, 0x1c, 0x00, 0x00, 0x00, 0x1c, 0x00, 0x00, 0x70, 
    0x1d, 0x00, 0x00, 0x00, 0x1d, 0x00, 0x00, 0x60, 0x1d, 0x00, 0x00, 0x00, 0x1d, 0x00, 0x00, 0x70, 
    0x1e, 0x00, 0x00, 0x00, 0x1e, 0x00, 0x00, 0x60, 0x1e, 0x00, 0x00, 0x00, 0x1e, 0x00, 0x00, 0x70, 
    0x1f, 0x00, 0x00, 0x00, 0x1f, 0x00, 0x00, 0x60, 0x1f, 0x00, 0x00, 0x00, 0x1f, 0x00, 0x00, 0x70, 
    0x84, 0x83, 0x82, 0x81, 0x94, 0x93, 0x92, 0x91, 0xa4, 0xa3, 0xa2, 0xa1, 0xb4, 0xb3, 0xb2, 0xb1, 
    0xc8, 0xc7, 0xc6, 0xc5, 0xc4, 0xc3, 0xc2, 0xc1, 0xd8, 0xd7, 0xd6, 0xd5, 0xd4, 0xd3, 0xd2, 0xd1, 
    0xe8, 0xe7, 0xe6, 0xe5, 0xe4, 0xe3, 0xe2, 0xe1, 0x00, 0x00, 0x00, 0x00, 0x00, 0x00, 0x00, 0x00, 
    0x00, 0x00, 0x00, 0x00, 0x00, 0x00, 0x00, 0x00, 0x00, 0x00, 0x00, 0x00, 0x00, 0x00, 0x00, 0x00, 
    0x00, 0x00, 0x00, 0x00, 0x00, 0x00, 0x00, 0x00, 0x00, 0x00, 0x00, 0x00, 0x00, 0x00, 0x00, 0x00, 
    0x00, 0x00, 0x00, 0x00, 0x00, 0x00, 0x00, 0x00, 0x00, 0x00, 0x00, 0x00, 0x00, 0x00, 0x00, 0x00, 
    0x00, 0x00, 0x00, 0x00, 0x00, 0x00, 0x00, 0x00, 0x00, 0x00, 0x00, 0x00, 0x00, 0x00, 0x00, 0x00, 
];

const HOSTILE_MSG_VERSION_0: [u8; 976] = [
    0x4c, 0x46, 0x4f, 0x52, 0x00, 0x00, 0x01, 0x00, 0xd0, 0x03, 0x00, 0x00, 0x01, 0x00, 0x00, 0x00, 
    0x88, 0x77, 0x66, 0x55, 0x44, 0x33, 0x22, 0x11, 0x00, 0xff, 0xee, 0xdd, 0xcc, 0xbb, 0xaa, 0x99, 
    0x08, 0x07, 0x06, 0x05, 0x04, 0x03, 0x02, 0x01, 0x00, 0x00, 0x00, 0x00, 0x00, 0x00, 0x00, 0x00, 
    0x4c, 0x4f, 0x4c, 0x4f, 0x01, 0x00, 0x01, 0x00, 0x80, 0x03, 0x00, 0x00, 0x00, 0x00, 0x00, 0x00, 
    0x00, 0x00, 0x00, 0x00, 0x00, 0x00, 0x00, 0x20, 0x01, 0x01, 0x00, 0x00, 0x00, 0x01, 0x00, 0x20, 
    0x02, 0x02, 0x00, 0x00, 0x00, 0x02, 0x00, 0x20, 0x03, 0x03, 0x00, 0x00, 0x00, 0x03, 0x00, 0x20, 
    0x04, 0x04, 0x00, 0x00, 0x00, 0x04, 0x00, 0x20, 0x05, 0x05, 0x00, 0x00, 0x00, 0x05, 0x00, 0x20, 
    0x06, 0x06, 0x00, 0x00, 0x00, 0x06, 0x00, 0x20, 0x07, 0x07, 0x00, 0x00, 0x00, 0x07, 0x00, 0x20, 
    0x08, 0x08, 0x00, 0x00, 0x00, 0x08, 0x00, 0x20, 0x09, 0x09, 0x00, 0x00, 0x00, 0x09, 0x00, 0x20, 
    0x0a, 0x0a, 0x00, 0x00, 0x00, 0x0a, 0x00, 0x20, 0x0b, 0x0b, 0x00, 0x00, 0x00, 0x0b, 0x00, 0x20, 
    0x0c, 0x0c, 0x00, 0x00, 0x00, 0x0c, 0x00, 0x20, 0x0d, 0x0d, 0x00, 0x00, 0x00, 0x0d, 0x00, 0x20, 
    0x0e, 0x0e, 0x00, 0x00, 0x00, 0x0e, 0x00, 0x20, 0x0f, 0x0f, 0x00, 0x00, 0x00, 0x0f, 0x00, 0x20, 
    0x10, 0x10, 0x00, 0x00, 0x00, 0x10, 0x00, 0x20, 0x11, 0x11, 0x00, 0x00, 0x00, 0x11, 0x00, 0x20, 
    0x12, 0x12, 0x00, 0x00, 0x00, 0x12, 0x00, 0x20, 0x13, 0x13, 0x00, 0x00, 0x00, 0x13, 0x00, 0x20, 
    0x14, 0x14, 0x00, 0x00, 0x00, 0x14, 0x00, 0x20, 0x15, 0x15, 0x00, 0x00, 0x00, 0x15, 0x00, 0x20, 
    0x16, 0x16, 0x00, 0x00, 0x00, 0x16, 0x00, 0x20, 0x17, 0x17, 0x00, 0x00, 0x00, 0x17, 0x00, 0x20, 
    0x18, 0x18, 0x00, 0x00, 0x00, 0x18, 0x00, 0x20, 0x19, 0x19, 0x00, 0x00, 0x00, 0x19, 0x00, 0x20, 
    0x1a, 0x1a, 0x00, 0x00, 0x00, 0x1a, 0x00, 0x20, 0x1b, 0x1b, 0x00, 0x00, 0x00, 0x1b, 0x00, 0x20, 
    0x1c, 0x1c, 0x00, 0x00, 0x00, 0x1c, 0x00, 0x20, 0x1d, 0x1d, 0x00, 0x00, 0x00, 0x1d, 0x00, 0x20, 
    0x1e, 0x1e, 0x00, 0x00, 0x00, 0x1e, 0x00, 0x20, 0x70, 0x66, 0x55, 0x44, 0x33, 0x22, 0x11, 0x00, 
    0x10, 0x10, 0x0f, 0x0e, 0x0d, 0x0c, 0x0b, 0x0a, 0x38, 0x37, 0x36, 0x35, 0x34, 0x33, 0x32, 0x31, 
    0x48, 0x47, 0x46, 0x45, 0x44, 0x43, 0x42, 0x41, 0x58, 0x57, 0x56, 0x55, 0x54, 0x53, 0x52, 0x51, 
    0x00, 0x00, 0x00, 0x00, 0x00, 0x00, 0x00, 0x60, 0x00, 0x00, 0x00, 0x00, 0x00, 0x00, 0x00, 0x70, 
    0x01, 0x00, 0x00, 0x00, 0x01, 0x00, 0x00, 0x60, 0x01, 0x00, 0x00, 0x00, 0x01, 0x00, 0x00, 0x70, 
    0x02, 0x00, 0x00, 0x00, 0x02, 0x00, 0x00, 0x60, 0x02, 0x00, 0x00, 0x00, 0x02, 0x00, 0x00, 0x70, 
    0x03, 0x00, 0x00, 0x00, 0x03, 0x00, 0x00, 0x60, 0x03, 0x00, 0x00, 0x00, 0x03, 0x00, 0x00, 0x70, 
    0x04, 0x00, 0x00, 0x00, 0x04, 0x00, 0x00, 0x60, 0x04, 0x00, 0x00, 0x00, 0x04, 0x00, 0x00, 0x70, 
    0x05, 0x00, 0x00, 0x00, 0x05, 0x00, 0x00, 0x60, 0x05, 0x00, 0x00, 0x00, 0x05, 0x00, 0x00, 0x70, 
    0x06, 0x00, 0x00, 0x00, 0x06, 0x00, 0x00, 0x60, 0x06, 0x00, 0x00, 0x00, 0x06, 0x00, 0x00, 0x70, 
    0x07, 0x00, 0x00, 0x00, 0x07, 0x00, 0x00, 0x60, 0x07, 0x00, 0x00, 0x00, 0x07, 0x00, 0x00, 0x70, 
    0x08, 0x00, 0x00, 0x00, 0x08, 0x00, 0x00, 0x60, 0x08, 0x00, 0x00, 0x00, 0x08, 0x00, 0x00, 0x70, 
    0x09, 0x00, 0x00, 0x00, 0x09, 0x00, 0x00, 0x60, 0x09, 0x00, 0x00, 0x00, 0x09, 0x00, 0x00, 0x70, 
    0x0a, 0x00, 0x00, 0x00, 0x0a, 0x00, 0x00, 0x60, 0x0a, 0x00, 0x00, 0x00, 0x0a, 0x00, 0x00, 0x70, 
    0x0b, 0x00, 0x00, 0x00, 0x0b, 0x00, 0x00, 0x60, 0x0b, 0x00, 0x00, 0x00, 0x0b, 0x00, 0x00, 0x70, 
    0x0c, 0x00, 0x00, 0x00, 0x0c, 0x00, 0x00, 0x60, 0x0c, 0x00, 0x00, 0x00, 0x0c, 0x00, 0x00, 0x70, 
    0x0d, 0x00, 0x00, 0x00, 0x0d, 0x00, 0x00, 0x60, 0x0d, 0x00, 0x00, 0x00, 0x0d, 0x00, 0x00, 0x70, 
    0x0e, 0x00, 0x00, 0x00, 0x0e, 0x00, 0x00, 0x60, 0x0e, 0x00, 0x00, 0x00, 0x0e, 0x00, 0x00, 0x70, 
    0x0f, 0x00, 0x00, 0x00, 0x0f, 0x00, 0x00, 0x60, 0x0f, 0x00, 0x00, 0x00, 0x0f, 0x00, 0x00, 0x70, 
    0x10, 0x00, 0x00, 0x00, 0x10, 0x00, 0x00, 0x60, 0x10, 0x00, 0x00, 0x00, 0x10, 0x00, 0x00, 0x70, 
    0x11, 0x00, 0x00, 0x00, 0x11, 0x00, 0x00, 0x60, 0x11, 0x00, 0x00, 0x00, 0x11, 0x00, 0x00, 0x70, 
    0x12, 0x00, 0x00, 0x00, 0x12, 0x00, 0x00, 0x60, 0x12, 0x00, 0x00, 0x00, 0x12, 0x00, 0x00, 0x70, 
    0x13, 0x00, 0x00, 0x00, 0x13, 0x00, 0x00, 0x60, 0x13, 0x00, 0x00, 0x00, 0x13, 0x00, 0x00, 0x70, 
    0x14, 0x00, 0x00, 0x00, 0x14, 0x00, 0x00, 0x60, 0x14, 0x00, 0x00, 0x00, 0x14, 0x00, 0x00, 0x70, 
    0x15, 0x00, 0x00, 0x00, 0x15, 0x00, 0x00, 0x60, 0x15, 0x00, 0x00, 0x00, 0x15, 0x00, 0x00, 0x70, 
    0x16, 0x00, 0x00, 0x00, 0x16, 0x00, 0x00, 0x60, 0x16, 0x00, 0x00, 0x00, 0x16, 0x00, 0x00, 0x70, 
    0x17, 0x00, 0x00, 0x00, 0x17, 0x00, 0x00, 0x60, 0x17, 0x00, 0x00, 0x00, 0x17, 0x00, 0x00, 0x70, 
    0x18, 0x00, 0x00, 0x00, 0x18, 0x00, 0x00, 0x60, 0x18, 0x00, 0x00, 0x00, 0x18, 0x00, 0x00, 0x70, 
    0x19, 0x00, 0x00, 0x00, 0x19, 0x00, 0x00, 0x60, 0x19, 0x00, 0x00, 0x00, 0x19, 0x00, 0x00, 0x70, 
    0x1a, 0x00, 0x00, 0x00, 0x1a, 0x00, 0x00, 0x60, 0x1a, 0x00, 0x00, 0x00, 0x1a, 0x00, 0x00, 0x70, 
    0x1b, 0x00, 0x00, 0x00, 0x1b, 0x00, 0x00, 0x60, 0x1b, 0x00, 0x00, 0x00, 0x1b, 0x00, 0x00, 0x70, 
    0x1c, 0x00, 0x00, 0x00, 0x1c, 0x00, 0x00, 0x60, 0x1c, 0x00, 0x00, 0x00, 0x1c, 0x00, 0x00, 0x70, 
    0x1d, 0x00, 0x00, 0x00, 0x1d, 0x00, 0x00, 0x60, 0x1d, 0x00, 0x00, 0x00, 0x1d, 0x00, 0x00, 0x70, 
    0x1e, 0x00, 0x00, 0x00, 0x1e, 0x00, 0x00, 0x60, 0x1e, 0x00, 0x00, 0x00, 0x1e, 0x00, 0x00, 0x70, 
    0x1f, 0x00, 0x00, 0x00, 0x1f, 0x00, 0x00, 0x60, 0x1f, 0x00, 0x00, 0x00, 0x1f, 0x00, 0x00, 0x70, 
    0x84, 0x83, 0x82, 0x81, 0x94, 0x93, 0x92, 0x91, 0xa4, 0xa3, 0xa2, 0xa1, 0xb4, 0xb3, 0xb2, 0xb1, 
    0xc8, 0xc7, 0xc6, 0xc5, 0xc4, 0xc3, 0xc2, 0xc1, 0xd8, 0xd7, 0xd6, 0xd5, 0xd4, 0xd3, 0xd2, 0xd1, 
    0xe8, 0xe7, 0xe6, 0xe5, 0xe4, 0xe3, 0xe2, 0xe1, 0x00, 0x00, 0x00, 0x00, 0x00, 0x00, 0x00, 0x00, 
    0x00, 0x00, 0x00, 0x00, 0x00, 0x00, 0x00, 0x00, 0x00, 0x00, 0x00, 0x00, 0x00, 0x00, 0x00, 0x00, 
    0x00, 0x00, 0x00, 0x00, 0x00, 0x00, 0x00, 0x00, 0x00, 0x00, 0x00, 0x00, 0x00, 0x00, 0x00, 0x00, 
    0x00, 0x00, 0x00, 0x00, 0x00, 0x00, 0x00, 0x00, 0x00, 0x00, 0x00, 0x00, 0x00, 0x00, 0x00, 0x00, 
    0x00, 0x00, 0x00, 0x00, 0x00, 0x00, 0x00, 0x00, 0x00, 0x00, 0x00, 0x00, 0x00, 0x00, 0x00, 0x00, 
];

const HOSTILE_MSG_VERSION_5: [u8; 976] = [
    0x4c, 0x46, 0x4f, 0x52, 0x05, 0x00, 0x01, 0x00, 0xd0, 0x03, 0x00, 0x00, 0x01, 0x00, 0x00, 0x00, 
    0x88, 0x77, 0x66, 0x55, 0x44, 0x33, 0x22, 0x11, 0x00, 0xff, 0xee, 0xdd, 0xcc, 0xbb, 0xaa, 0x99, 
    0x08, 0x07, 0x06, 0x05, 0x04, 0x03, 0x02, 0x01, 0x00, 0x00, 0x00, 0x00, 0x00, 0x00, 0x00, 0x00, 
    0x4c, 0x4f, 0x4c, 0x4f, 0x01, 0x00, 0x01, 0x00, 0x80, 0x03, 0x00, 0x00, 0x00, 0x00, 0x00, 0x00, 
    0x00, 0x00, 0x00, 0x00, 0x00, 0x00, 0x00, 0x20, 0x01, 0x01, 0x00, 0x00, 0x00, 0x01, 0x00, 0x20, 
    0x02, 0x02, 0x00, 0x00, 0x00, 0x02, 0x00, 0x20, 0x03, 0x03, 0x00, 0x00, 0x00, 0x03, 0x00, 0x20, 
    0x04, 0x04, 0x00, 0x00, 0x00, 0x04, 0x00, 0x20, 0x05, 0x05, 0x00, 0x00, 0x00, 0x05, 0x00, 0x20, 
    0x06, 0x06, 0x00, 0x00, 0x00, 0x06, 0x00, 0x20, 0x07, 0x07, 0x00, 0x00, 0x00, 0x07, 0x00, 0x20, 
    0x08, 0x08, 0x00, 0x00, 0x00, 0x08, 0x00, 0x20, 0x09, 0x09, 0x00, 0x00, 0x00, 0x09, 0x00, 0x20, 
    0x0a, 0x0a, 0x00, 0x00, 0x00, 0x0a, 0x00, 0x20, 0x0b, 0x0b, 0x00, 0x00, 0x00, 0x0b, 0x00, 0x20, 
    0x0c, 0x0c, 0x00, 0x00, 0x00, 0x0c, 0x00, 0x20, 0x0d, 0x0d, 0x00, 0x00, 0x00, 0x0d, 0x00, 0x20, 
    0x0e, 0x0e, 0x00, 0x00, 0x00, 0x0e, 0x00, 0x20, 0x0f, 0x0f, 0x00, 0x00, 0x00, 0x0f, 0x00, 0x20, 
    0x10, 0x10, 0x00, 0x00, 0x00, 0x10, 0x00, 0x20, 0x11, 0x11, 0x00, 0x00, 0x00, 0x11, 0x00, 0x20, 
    0x12, 0x12, 0x00, 0x00, 0x00, 0x12, 0x00, 0x20, 0x13, 0x13, 0x00, 0x00, 0x00, 0x13, 0x00, 0x20, 
    0x14, 0x14, 0x00, 0x00, 0x00, 0x14, 0x00, 0x20, 0x15, 0x15, 0x00, 0x00, 0x00, 0x15, 0x00, 0x20, 
    0x16, 0x16, 0x00, 0x00, 0x00, 0x16, 0x00, 0x20, 0x17, 0x17, 0x00, 0x00, 0x00, 0x17, 0x00, 0x20, 
    0x18, 0x18, 0x00, 0x00, 0x00, 0x18, 0x00, 0x20, 0x19, 0x19, 0x00, 0x00, 0x00, 0x19, 0x00, 0x20, 
    0x1a, 0x1a, 0x00, 0x00, 0x00, 0x1a, 0x00, 0x20, 0x1b, 0x1b, 0x00, 0x00, 0x00, 0x1b, 0x00, 0x20, 
    0x1c, 0x1c, 0x00, 0x00, 0x00, 0x1c, 0x00, 0x20, 0x1d, 0x1d, 0x00, 0x00, 0x00, 0x1d, 0x00, 0x20, 
    0x1e, 0x1e, 0x00, 0x00, 0x00, 0x1e, 0x00, 0x20, 0x70, 0x66, 0x55, 0x44, 0x33, 0x22, 0x11, 0x00, 
    0x10, 0x10, 0x0f, 0x0e, 0x0d, 0x0c, 0x0b, 0x0a, 0x38, 0x37, 0x36, 0x35, 0x34, 0x33, 0x32, 0x31, 
    0x48, 0x47, 0x46, 0x45, 0x44, 0x43, 0x42, 0x41, 0x58, 0x57, 0x56, 0x55, 0x54, 0x53, 0x52, 0x51, 
    0x00, 0x00, 0x00, 0x00, 0x00, 0x00, 0x00, 0x60, 0x00, 0x00, 0x00, 0x00, 0x00, 0x00, 0x00, 0x70, 
    0x01, 0x00, 0x00, 0x00, 0x01, 0x00, 0x00, 0x60, 0x01, 0x00, 0x00, 0x00, 0x01, 0x00, 0x00, 0x70, 
    0x02, 0x00, 0x00, 0x00, 0x02, 0x00, 0x00, 0x60, 0x02, 0x00, 0x00, 0x00, 0x02, 0x00, 0x00, 0x70, 
    0x03, 0x00, 0x00, 0x00, 0x03, 0x00, 0x00, 0x60, 0x03, 0x00, 0x00, 0x00, 0x03, 0x00, 0x00, 0x70, 
    0x04, 0x00, 0x00, 0x00, 0x04, 0x00, 0x00, 0x60, 0x04, 0x00, 0x00, 0x00, 0x04, 0x00, 0x00, 0x70, 
    0x05, 0x00, 0x00, 0x00, 0x05, 0x00, 0x00, 0x60, 0x05, 0x00, 0x00, 0x00, 0x05, 0x00, 0x00, 0x70, 
    0x06, 0x00, 0x00, 0x00, 0x06, 0x00, 0x00, 0x60, 0x06, 0x00, 0x00, 0x00, 0x06, 0x00, 0x00, 0x70, 
    0x07, 0x00, 0x00, 0x00, 0x07, 0x00, 0x00, 0x60, 0x07, 0x00, 0x00, 0x00, 0x07, 0x00, 0x00, 0x70, 
    0x08, 0x00, 0x00, 0x00, 0x08, 0x00, 0x00, 0x60, 0x08, 0x00, 0x00, 0x00, 0x08, 0x00, 0x00, 0x70, 
    0x09, 0x00, 0x00, 0x00, 0x09, 0x00, 0x00, 0x60, 0x09, 0x00, 0x00, 0x00, 0x09, 0x00, 0x00, 0x70, 
    0x0a, 0x00, 0x00, 0x00, 0x0a, 0x00, 0x00, 0x60, 0x0a, 0x00, 0x00, 0x00, 0x0a, 0x00, 0x00, 0x70, 
    0x0b, 0x00, 0x00, 0x00, 0x0b, 0x00, 0x00, 0x60, 0x0b, 0x00, 0x00, 0x00, 0x0b, 0x00, 0x00, 0x70, 
    0x0c, 0x00, 0x00, 0x00, 0x0c, 0x00, 0x00, 0x60, 0x0c, 0x00, 0x00, 0x00, 0x0c, 0x00, 0x00, 0x70, 
    0x0d, 0x00, 0x00, 0x00, 0x0d, 0x00, 0x00, 0x60, 0x0d, 0x00, 0x00, 0x00, 0x0d, 0x00, 0x00, 0x70, 
    0x0e, 0x00, 0x00, 0x00, 0x0e, 0x00, 0x00, 0x60, 0x0e, 0x00, 0x00, 0x00, 0x0e, 0x00, 0x00, 0x70, 
    0x0f, 0x00, 0x00, 0x00, 0x0f, 0x00, 0x00, 0x60, 0x0f, 0x00, 0x00, 0x00, 0x0f, 0x00, 0x00, 0x70, 
    0x10, 0x00, 0x00, 0x00, 0x10, 0x00, 0x00, 0x60, 0x10, 0x00, 0x00, 0x00, 0x10, 0x00, 0x00, 0x70, 
    0x11, 0x00, 0x00, 0x00, 0x11, 0x00, 0x00, 0x60, 0x11, 0x00, 0x00, 0x00, 0x11, 0x00, 0x00, 0x70, 
    0x12, 0x00, 0x00, 0x00, 0x12, 0x00, 0x00, 0x60, 0x12, 0x00, 0x00, 0x00, 0x12, 0x00, 0x00, 0x70, 
    0x13, 0x00, 0x00, 0x00, 0x13, 0x00, 0x00, 0x60, 0x13, 0x00, 0x00, 0x00, 0x13, 0x00, 0x00, 0x70, 
    0x14, 0x00, 0x00, 0x00, 0x14, 0x00, 0x00, 0x60, 0x14, 0x00, 0x00, 0x00, 0x14, 0x00, 0x00, 0x70, 
    0x15, 0x00, 0x00, 0x00, 0x15, 0x00, 0x00, 0x60, 0x15, 0x00, 0x00, 0x00, 0x15, 0x00, 0x00, 0x70, 
    0x16, 0x00, 0x00, 0x00, 0x16, 0x00, 0x00, 0x60, 0x16, 0x00, 0x00, 0x00, 0x16, 0x00, 0x00, 0x70, 
    0x17, 0x00, 0x00, 0x00, 0x17, 0x00, 0x00, 0x60, 0x17, 0x00, 0x00, 0x00, 0x17, 0x00, 0x00, 0x70, 
    0x18, 0x00, 0x00, 0x00, 0x18, 0x00, 0x00, 0x60, 0x18, 0x00, 0x00, 0x00, 0x18, 0x00, 0x00, 0x70, 
    0x19, 0x00, 0x00, 0x00, 0x19, 0x00, 0x00, 0x60, 0x19, 0x00, 0x00, 0x00, 0x19, 0x00, 0x00, 0x70, 
    0x1a, 0x00, 0x00, 0x00, 0x1a, 0x00, 0x00, 0x60, 0x1a, 0x00, 0x00, 0x00, 0x1a, 0x00, 0x00, 0x70, 
    0x1b, 0x00, 0x00, 0x00, 0x1b, 0x00, 0x00, 0x60, 0x1b, 0x00, 0x00, 0x00, 0x1b, 0x00, 0x00, 0x70, 
    0x1c, 0x00, 0x00, 0x00, 0x1c, 0x00, 0x00, 0x60, 0x1c, 0x00, 0x00, 0x00, 0x1c, 0x00, 0x00, 0x70, 
    0x1d, 0x00, 0x00, 0x00, 0x1d, 0x00, 0x00, 0x60, 0x1d, 0x00, 0x00, 0x00, 0x1d, 0x00, 0x00, 0x70, 
    0x1e, 0x00, 0x00, 0x00, 0x1e, 0x00, 0x00, 0x60, 0x1e, 0x00, 0x00, 0x00, 0x1e, 0x00, 0x00, 0x70, 
    0x1f, 0x00, 0x00, 0x00, 0x1f, 0x00, 0x00, 0x60, 0x1f, 0x00, 0x00, 0x00, 0x1f, 0x00, 0x00, 0x70, 
    0x84, 0x83, 0x82, 0x81, 0x94, 0x93, 0x92, 0x91, 0xa4, 0xa3, 0xa2, 0xa1, 0xb4, 0xb3, 0xb2, 0xb1, 
    0xc8, 0xc7, 0xc6, 0xc5, 0xc4, 0xc3, 0xc2, 0xc1, 0xd8, 0xd7, 0xd6, 0xd5, 0xd4, 0xd3, 0xd2, 0xd1, 
    0xe8, 0xe7, 0xe6, 0xe5, 0xe4, 0xe3, 0xe2, 0xe1, 0x00, 0x00, 0x00, 0x00, 0x00, 0x00, 0x00, 0x00, 
    0x00, 0x00, 0x00, 0x00, 0x00, 0x00, 0x00, 0x00, 0x00, 0x00, 0x00, 0x00, 0x00, 0x00, 0x00, 0x00, 
    0x00, 0x00, 0x00, 0x00, 0x00, 0x00, 0x00, 0x00, 0x00, 0x00, 0x00, 0x00, 0x00, 0x00, 0x00, 0x00, 
    0x00, 0x00, 0x00, 0x00, 0x00, 0x00, 0x00, 0x00, 0x00, 0x00, 0x00, 0x00, 0x00, 0x00, 0x00, 0x00, 
    0x00, 0x00, 0x00, 0x00, 0x00, 0x00, 0x00, 0x00, 0x00, 0x00, 0x00, 0x00, 0x00, 0x00, 0x00, 0x00, 
];

const HOSTILE_MSG_WRONG_ARCH: [u8; 976] = [
    0x4c, 0x46, 0x4f, 0x52, 0x01, 0x00, 0x02, 0x00, 0xd0, 0x03, 0x00, 0x00, 0x01, 0x00, 0x00, 0x00, 
    0x88, 0x77, 0x66, 0x55, 0x44, 0x33, 0x22, 0x11, 0x00, 0xff, 0xee, 0xdd, 0xcc, 0xbb, 0xaa, 0x99, 
    0x08, 0x07, 0x06, 0x05, 0x04, 0x03, 0x02, 0x01, 0x00, 0x00, 0x00, 0x00, 0x00, 0x00, 0x00, 0x00, 
    0x4c, 0x4f, 0x4c, 0x4f, 0x01, 0x00, 0x01, 0x00, 0x80, 0x03, 0x00, 0x00, 0x00, 0x00, 0x00, 0x00, 
    0x00, 0x00, 0x00, 0x00, 0x00, 0x00, 0x00, 0x20, 0x01, 0x01, 0x00, 0x00, 0x00, 0x01, 0x00, 0x20, 
    0x02, 0x02, 0x00, 0x00, 0x00, 0x02, 0x00, 0x20, 0x03, 0x03, 0x00, 0x00, 0x00, 0x03, 0x00, 0x20, 
    0x04, 0x04, 0x00, 0x00, 0x00, 0x04, 0x00, 0x20, 0x05, 0x05, 0x00, 0x00, 0x00, 0x05, 0x00, 0x20, 
    0x06, 0x06, 0x00, 0x00, 0x00, 0x06, 0x00, 0x20, 0x07, 0x07, 0x00, 0x00, 0x00, 0x07, 0x00, 0x20, 
    0x08, 0x08, 0x00, 0x00, 0x00, 0x08, 0x00, 0x20, 0x09, 0x09, 0x00, 0x00, 0x00, 0x09, 0x00, 0x20, 
    0x0a, 0x0a, 0x00, 0x00, 0x00, 0x0a, 0x00, 0x20, 0x0b, 0x0b, 0x00, 0x00, 0x00, 0x0b, 0x00, 0x20, 
    0x0c, 0x0c, 0x00, 0x00, 0x00, 0x0c, 0x00, 0x20, 0x0d, 0x0d, 0x00, 0x00, 0x00, 0x0d, 0x00, 0x20, 
    0x0e, 0x0e, 0x00, 0x00, 0x00, 0x0e, 0x00, 0x20, 0x0f, 0x0f, 0x00, 0x00, 0x00, 0x0f, 0x00, 0x20, 
    0x10, 0x10, 0x00, 0x00, 0x00, 0x10, 0x00, 0x20, 0x11, 0x11, 0x00, 0x00, 0x00, 0x11, 0x00, 0x20, 
    0x12, 0x12, 0x00, 0x00, 0x00, 0x12, 0x00, 0x20, 0x13, 0x13, 0x00, 0x00, 0x00, 0x13, 0x00, 0x20, 
    0x14, 0x14, 0x00, 0x00, 0x00, 0x14, 0x00, 0x20, 0x15, 0x15, 0x00, 0x00, 0x00, 0x15, 0x00, 0x20, 
    0x16, 0x16, 0x00, 0x00, 0x00, 0x16, 0x00, 0x20, 0x17, 0x17, 0x00, 0x00, 0x00, 0x17, 0x00, 0x20, 
    0x18, 0x18, 0x00, 0x00, 0x00, 0x18, 0x00, 0x20, 0x19, 0x19, 0x00, 0x00, 0x00, 0x19, 0x00, 0x20, 
    0x1a, 0x1a, 0x00, 0x00, 0x00, 0x1a, 0x00, 0x20, 0x1b, 0x1b, 0x00, 0x00, 0x00, 0x1b, 0x00, 0x20, 
    0x1c, 0x1c, 0x00, 0x00, 0x00, 0x1c, 0x00, 0x20, 0x1d, 0x1d, 0x00, 0x00, 0x00, 0x1d, 0x00, 0x20, 
    0x1e, 0x1e, 0x00, 0x00, 0x00, 0x1e, 0x00, 0x20, 0x70, 0x66, 0x55, 0x44, 0x33, 0x22, 0x11, 0x00, 
    0x10, 0x10, 0x0f, 0x0e, 0x0d, 0x0c, 0x0b, 0x0a, 0x38, 0x37, 0x36, 0x35, 0x34, 0x33, 0x32, 0x31, 
    0x48, 0x47, 0x46, 0x45, 0x44, 0x43, 0x42, 0x41, 0x58, 0x57, 0x56, 0x55, 0x54, 0x53, 0x52, 0x51, 
    0x00, 0x00, 0x00, 0x00, 0x00, 0x00, 0x00, 0x60, 0x00, 0x00, 0x00, 0x00, 0x00, 0x00, 0x00, 0x70, 
    0x01, 0x00, 0x00, 0x00, 0x01, 0x00, 0x00, 0x60, 0x01, 0x00, 0x00, 0x00, 0x01, 0x00, 0x00, 0x70, 
    0x02, 0x00, 0x00, 0x00, 0x02, 0x00, 0x00, 0x60, 0x02, 0x00, 0x00, 0x00, 0x02, 0x00, 0x00, 0x70, 
    0x03, 0x00, 0x00, 0x00, 0x03, 0x00, 0x00, 0x60, 0x03, 0x00, 0x00, 0x00, 0x03, 0x00, 0x00, 0x70, 
    0x04, 0x00, 0x00, 0x00, 0x04, 0x00, 0x00, 0x60, 0x04, 0x00, 0x00, 0x00, 0x04, 0x00, 0x00, 0x70, 
    0x05, 0x00, 0x00, 0x00, 0x05, 0x00, 0x00, 0x60, 0x05, 0x00, 0x00, 0x00, 0x05, 0x00, 0x00, 0x70, 
    0x06, 0x00, 0x00, 0x00, 0x06, 0x00, 0x00, 0x60, 0x06, 0x00, 0x00, 0x00, 0x06, 0x00, 0x00, 0x70, 
    0x07, 0x00, 0x00, 0x00, 0x07, 0x00, 0x00, 0x60, 0x07, 0x00, 0x00, 0x00, 0x07, 0x00, 0x00, 0x70, 
    0x08, 0x00, 0x00, 0x00, 0x08, 0x00, 0x00, 0x60, 0x08, 0x00, 0x00, 0x00, 0x08, 0x00, 0x00, 0x70, 
    0x09, 0x00, 0x00, 0x00, 0x09, 0x00, 0x00, 0x60, 0x09, 0x00, 0x00, 0x00, 0x09, 0x00, 0x00, 0x70, 
    0x0a, 0x00, 0x00, 0x00, 0x0a, 0x00, 0x00, 0x60, 0x0a, 0x00, 0x00, 0x00, 0x0a, 0x00, 0x00, 0x70, 
    0x0b, 0x00, 0x00, 0x00, 0x0b, 0x00, 0x00, 0x60, 0x0b, 0x00, 0x00, 0x00, 0x0b, 0x00, 0x00, 0x70, 
    0x0c, 0x00, 0x00, 0x00, 0x0c, 0x00, 0x00, 0x60, 0x0c, 0x00, 0x00, 0x00, 0x0c, 0x00, 0x00, 0x70, 
    0x0d, 0x00, 0x00, 0x00, 0x0d, 0x00, 0x00, 0x60, 0x0d, 0x00, 0x00, 0x00, 0x0d, 0x00, 0x00, 0x70, 
    0x0e, 0x00, 0x00, 0x00, 0x0e, 0x00, 0x00, 0x60, 0x0e, 0x00, 0x00, 0x00, 0x0e, 0x00, 0x00, 0x70, 
    0x0f, 0x00, 0x00, 0x00, 0x0f, 0x00, 0x00, 0x60, 0x0f, 0x00, 0x00, 0x00, 0x0f, 0x00, 0x00, 0x70, 
    0x10, 0x00, 0x00, 0x00, 0x10, 0x00, 0x00, 0x60, 0x10, 0x00, 0x00, 0x00, 0x10, 0x00, 0x00, 0x70, 
    0x11, 0x00, 0x00, 0x00, 0x11, 0x00, 0x00, 0x60, 0x11, 0x00, 0x00, 0x00, 0x11, 0x00, 0x00, 0x70, 
    0x12, 0x00, 0x00, 0x00, 0x12, 0x00, 0x00, 0x60, 0x12, 0x00, 0x00, 0x00, 0x12, 0x00, 0x00, 0x70, 
    0x13, 0x00, 0x00, 0x00, 0x13, 0x00, 0x00, 0x60, 0x13, 0x00, 0x00, 0x00, 0x13, 0x00, 0x00, 0x70, 
    0x14, 0x00, 0x00, 0x00, 0x14, 0x00, 0x00, 0x60, 0x14, 0x00, 0x00, 0x00, 0x14, 0x00, 0x00, 0x70, 
    0x15, 0x00, 0x00, 0x00, 0x15, 0x00, 0x00, 0x60, 0x15, 0x00, 0x00, 0x00, 0x15, 0x00, 0x00, 0x70, 
    0x16, 0x00, 0x00, 0x00, 0x16, 0x00, 0x00, 0x60, 0x16, 0x00, 0x00, 0x00, 0x16, 0x00, 0x00, 0x70, 
    0x17, 0x00, 0x00, 0x00, 0x17, 0x00, 0x00, 0x60, 0x17, 0x00, 0x00, 0x00, 0x17, 0x00, 0x00, 0x70, 
    0x18, 0x00, 0x00, 0x00, 0x18, 0x00, 0x00, 0x60, 0x18, 0x00, 0x00, 0x00, 0x18, 0x00, 0x00, 0x70, 
    0x19, 0x00, 0x00, 0x00, 0x19, 0x00, 0x00, 0x60, 0x19, 0x00, 0x00, 0x00, 0x19, 0x00, 0x00, 0x70, 
    0x1a, 0x00, 0x00, 0x00, 0x1a, 0x00, 0x00, 0x60, 0x1a, 0x00, 0x00, 0x00, 0x1a, 0x00, 0x00, 0x70, 
    0x1b, 0x00, 0x00, 0x00, 0x1b, 0x00, 0x00, 0x60, 0x1b, 0x00, 0x00, 0x00, 0x1b, 0x00, 0x00, 0x70, 
    0x1c, 0x00, 0x00, 0x00, 0x1c, 0x00, 0x00, 0x60, 0x1c, 0x00, 0x00, 0x00, 0x1c, 0x00, 0x00, 0x70, 
    0x1d, 0x00, 0x00, 0x00, 0x1d, 0x00, 0x00, 0x60, 0x1d, 0x00, 0x00, 0x00, 0x1d, 0x00, 0x00, 0x70, 
    0x1e, 0x00, 0x00, 0x00, 0x1e, 0x00, 0x00, 0x60, 0x1e, 0x00, 0x00, 0x00, 0x1e, 0x00, 0x00, 0x70, 
    0x1f, 0x00, 0x00, 0x00, 0x1f, 0x00, 0x00, 0x60, 0x1f, 0x00, 0x00, 0x00, 0x1f, 0x00, 0x00, 0x70, 
    0x84, 0x83, 0x82, 0x81, 0x94, 0x93, 0x92, 0x91, 0xa4, 0xa3, 0xa2, 0xa1, 0xb4, 0xb3, 0xb2, 0xb1, 
    0xc8, 0xc7, 0xc6, 0xc5, 0xc4, 0xc3, 0xc2, 0xc1, 0xd8, 0xd7, 0xd6, 0xd5, 0xd4, 0xd3, 0xd2, 0xd1, 
    0xe8, 0xe7, 0xe6, 0xe5, 0xe4, 0xe3, 0xe2, 0xe1, 0x00, 0x00, 0x00, 0x00, 0x00, 0x00, 0x00, 0x00, 
    0x00, 0x00, 0x00, 0x00, 0x00, 0x00, 0x00, 0x00, 0x00, 0x00, 0x00, 0x00, 0x00, 0x00, 0x00, 0x00, 
    0x00, 0x00, 0x00, 0x00, 0x00, 0x00, 0x00, 0x00, 0x00, 0x00, 0x00, 0x00, 0x00, 0x00, 0x00, 0x00, 
    0x00, 0x00, 0x00, 0x00, 0x00, 0x00, 0x00, 0x00, 0x00, 0x00, 0x00, 0x00, 0x00, 0x00, 0x00, 0x00, 
    0x00, 0x00, 0x00, 0x00, 0x00, 0x00, 0x00, 0x00, 0x00, 0x00, 0x00, 0x00, 0x00, 0x00, 0x00, 0x00, 
];

const HOSTILE_MSG_WRONG_SIZE: [u8; 976] = [
    0x4c, 0x46, 0x4f, 0x52, 0x01, 0x00, 0x01, 0x00, 0xcf, 0x03, 0x00, 0x00, 0x01, 0x00, 0x00, 0x00, 
    0x88, 0x77, 0x66, 0x55, 0x44, 0x33, 0x22, 0x11, 0x00, 0xff, 0xee, 0xdd, 0xcc, 0xbb, 0xaa, 0x99, 
    0x08, 0x07, 0x06, 0x05, 0x04, 0x03, 0x02, 0x01, 0x00, 0x00, 0x00, 0x00, 0x00, 0x00, 0x00, 0x00, 
    0x4c, 0x4f, 0x4c, 0x4f, 0x01, 0x00, 0x01, 0x00, 0x80, 0x03, 0x00, 0x00, 0x00, 0x00, 0x00, 0x00, 
    0x00, 0x00, 0x00, 0x00, 0x00, 0x00, 0x00, 0x20, 0x01, 0x01, 0x00, 0x00, 0x00, 0x01, 0x00, 0x20, 
    0x02, 0x02, 0x00, 0x00, 0x00, 0x02, 0x00, 0x20, 0x03, 0x03, 0x00, 0x00, 0x00, 0x03, 0x00, 0x20, 
    0x04, 0x04, 0x00, 0x00, 0x00, 0x04, 0x00, 0x20, 0x05, 0x05, 0x00, 0x00, 0x00, 0x05, 0x00, 0x20, 
    0x06, 0x06, 0x00, 0x00, 0x00, 0x06, 0x00, 0x20, 0x07, 0x07, 0x00, 0x00, 0x00, 0x07, 0x00, 0x20, 
    0x08, 0x08, 0x00, 0x00, 0x00, 0x08, 0x00, 0x20, 0x09, 0x09, 0x00, 0x00, 0x00, 0x09, 0x00, 0x20, 
    0x0a, 0x0a, 0x00, 0x00, 0x00, 0x0a, 0x00, 0x20, 0x0b, 0x0b, 0x00, 0x00, 0x00, 0x0b, 0x00, 0x20, 
    0x0c, 0x0c, 0x00, 0x00, 0x00, 0x0c, 0x00, 0x20, 0x0d, 0x0d, 0x00, 0x00, 0x00, 0x0d, 0x00, 0x20, 
    0x0e, 0x0e, 0x00, 0x00, 0x00, 0x0e, 0x00, 0x20, 0x0f, 0x0f, 0x00, 0x00, 0x00, 0x0f, 0x00, 0x20, 
    0x10, 0x10, 0x00, 0x00, 0x00, 0x10, 0x00, 0x20, 0x11, 0x11, 0x00, 0x00, 0x00, 0x11, 0x00, 0x20, 
    0x12, 0x12, 0x00, 0x00, 0x00, 0x12, 0x00, 0x20, 0x13, 0x13, 0x00, 0x00, 0x00, 0x13, 0x00, 0x20, 
    0x14, 0x14, 0x00, 0x00, 0x00, 0x14, 0x00, 0x20, 0x15, 0x15, 0x00, 0x00, 0x00, 0x15, 0x00, 0x20, 
    0x16, 0x16, 0x00, 0x00, 0x00, 0x16, 0x00, 0x20, 0x17, 0x17, 0x00, 0x00, 0x00, 0x17, 0x00, 0x20, 
    0x18, 0x18, 0x00, 0x00, 0x00, 0x18, 0x00, 0x20, 0x19, 0x19, 0x00, 0x00, 0x00, 0x19, 0x00, 0x20, 
    0x1a, 0x1a, 0x00, 0x00, 0x00, 0x1a, 0x00, 0x20, 0x1b, 0x1b, 0x00, 0x00, 0x00, 0x1b, 0x00, 0x20, 
    0x1c, 0x1c, 0x00, 0x00, 0x00, 0x1c, 0x00, 0x20, 0x1d, 0x1d, 0x00, 0x00, 0x00, 0x1d, 0x00, 0x20, 
    0x1e, 0x1e, 0x00, 0x00, 0x00, 0x1e, 0x00, 0x20, 0x70, 0x66, 0x55, 0x44, 0x33, 0x22, 0x11, 0x00, 
    0x10, 0x10, 0x0f, 0x0e, 0x0d, 0x0c, 0x0b, 0x0a, 0x38, 0x37, 0x36, 0x35, 0x34, 0x33, 0x32, 0x31, 
    0x48, 0x47, 0x46, 0x45, 0x44, 0x43, 0x42, 0x41, 0x58, 0x57, 0x56, 0x55, 0x54, 0x53, 0x52, 0x51, 
    0x00, 0x00, 0x00, 0x00, 0x00, 0x00, 0x00, 0x60, 0x00, 0x00, 0x00, 0x00, 0x00, 0x00, 0x00, 0x70, 
    0x01, 0x00, 0x00, 0x00, 0x01, 0x00, 0x00, 0x60, 0x01, 0x00, 0x00, 0x00, 0x01, 0x00, 0x00, 0x70, 
    0x02, 0x00, 0x00, 0x00, 0x02, 0x00, 0x00, 0x60, 0x02, 0x00, 0x00, 0x00, 0x02, 0x00, 0x00, 0x70, 
    0x03, 0x00, 0x00, 0x00, 0x03, 0x00, 0x00, 0x60, 0x03, 0x00, 0x00, 0x00, 0x03, 0x00, 0x00, 0x70, 
    0x04, 0x00, 0x00, 0x00, 0x04, 0x00, 0x00, 0x60, 0x04, 0x00, 0x00, 0x00, 0x04, 0x00, 0x00, 0x70, 
    0x05, 0x00, 0x00, 0x00, 0x05, 0x00, 0x00, 0x60, 0x05, 0x00, 0x00, 0x00, 0x05, 0x00, 0x00, 0x70, 
    0x06, 0x00, 0x00, 0x00, 0x06, 0x00, 0x00, 0x60, 0x06, 0x00, 0x00, 0x00, 0x06, 0x00, 0x00, 0x70, 
    0x07, 0x00, 0x00, 0x00, 0x07, 0x00, 0x00, 0x60, 0x07, 0x00, 0x00, 0x00, 0x07, 0x00, 0x00, 0x70, 
    0x08, 0x00, 0x00, 0x00, 0x08, 0x00, 0x00, 0x60, 0x08, 0x00, 0x00, 0x00, 0x08, 0x00, 0x00, 0x70, 
    0x09, 0x00, 0x00, 0x00, 0x09, 0x00, 0x00, 0x60, 0x09, 0x00, 0x00, 0x00, 0x09, 0x00, 0x00, 0x70, 
    0x0a, 0x00, 0x00, 0x00, 0x0a, 0x00, 0x00, 0x60, 0x0a, 0x00, 0x00, 0x00, 0x0a, 0x00, 0x00, 0x70, 
    0x0b, 0x00, 0x00, 0x00, 0x0b, 0x00, 0x00, 0x60, 0x0b, 0x00, 0x00, 0x00, 0x0b, 0x00, 0x00, 0x70, 
    0x0c, 0x00, 0x00, 0x00, 0x0c, 0x00, 0x00, 0x60, 0x0c, 0x00, 0x00, 0x00, 0x0c, 0x00, 0x00, 0x70, 
    0x0d, 0x00, 0x00, 0x00, 0x0d, 0x00, 0x00, 0x60, 0x0d, 0x00, 0x00, 0x00, 0x0d, 0x00, 0x00, 0x70, 
    0x0e, 0x00, 0x00, 0x00, 0x0e, 0x00, 0x00, 0x60, 0x0e, 0x00, 0x00, 0x00, 0x0e, 0x00, 0x00, 0x70, 
    0x0f, 0x00, 0x00, 0x00, 0x0f, 0x00, 0x00, 0x60, 0x0f, 0x00, 0x00, 0x00, 0x0f, 0x00, 0x00, 0x70, 
    0x10, 0x00, 0x00, 0x00, 0x10, 0x00, 0x00, 0x60, 0x10, 0x00, 0x00, 0x00, 0x10, 0x00, 0x00, 0x70, 
    0x11, 0x00, 0x00, 0x00, 0x11, 0x00, 0x00, 0x60, 0x11, 0x00, 0x00, 0x00, 0x11, 0x00, 0x00, 0x70, 
    0x12, 0x00, 0x00, 0x00, 0x12, 0x00, 0x00, 0x60, 0x12, 0x00, 0x00, 0x00, 0x12, 0x00, 0x00, 0x70, 
    0x13, 0x00, 0x00, 0x00, 0x13, 0x00, 0x00, 0x60, 0x13, 0x00, 0x00, 0x00, 0x13, 0x00, 0x00, 0x70, 
    0x14, 0x00, 0x00, 0x00, 0x14, 0x00, 0x00, 0x60, 0x14, 0x00, 0x00, 0x00, 0x14, 0x00, 0x00, 0x70, 
    0x15, 0x00, 0x00, 0x00, 0x15, 0x00, 0x00, 0x60, 0x15, 0x00, 0x00, 0x00, 0x15, 0x00, 0x00, 0x70, 
    0x16, 0x00, 0x00, 0x00, 0x16, 0x00, 0x00, 0x60, 0x16, 0x00, 0x00, 0x00, 0x16, 0x00, 0x00, 0x70, 
    0x17, 0x00, 0x00, 0x00, 0x17, 0x00, 0x00, 0x60, 0x17, 0x00, 0x00, 0x00, 0x17, 0x00, 0x00, 0x70, 
    0x18, 0x00, 0x00, 0x00, 0x18, 0x00, 0x00, 0x60, 0x18, 0x00, 0x00, 0x00, 0x18, 0x00, 0x00, 0x70, 
    0x19, 0x00, 0x00, 0x00, 0x19, 0x00, 0x00, 0x60, 0x19, 0x00, 0x00, 0x00, 0x19, 0x00, 0x00, 0x70, 
    0x1a, 0x00, 0x00, 0x00, 0x1a, 0x00, 0x00, 0x60, 0x1a, 0x00, 0x00, 0x00, 0x1a, 0x00, 0x00, 0x70, 
    0x1b, 0x00, 0x00, 0x00, 0x1b, 0x00, 0x00, 0x60, 0x1b, 0x00, 0x00, 0x00, 0x1b, 0x00, 0x00, 0x70, 
    0x1c, 0x00, 0x00, 0x00, 0x1c, 0x00, 0x00, 0x60, 0x1c, 0x00, 0x00, 0x00, 0x1c, 0x00, 0x00, 0x70, 
    0x1d, 0x00, 0x00, 0x00, 0x1d, 0x00, 0x00, 0x60, 0x1d, 0x00, 0x00, 0x00, 0x1d, 0x00, 0x00, 0x70, 
    0x1e, 0x00, 0x00, 0x00, 0x1e, 0x00, 0x00, 0x60, 0x1e, 0x00, 0x00, 0x00, 0x1e, 0x00, 0x00, 0x70, 
    0x1f, 0x00, 0x00, 0x00, 0x1f, 0x00, 0x00, 0x60, 0x1f, 0x00, 0x00, 0x00, 0x1f, 0x00, 0x00, 0x70, 
    0x84, 0x83, 0x82, 0x81, 0x94, 0x93, 0x92, 0x91, 0xa4, 0xa3, 0xa2, 0xa1, 0xb4, 0xb3, 0xb2, 0xb1, 
    0xc8, 0xc7, 0xc6, 0xc5, 0xc4, 0xc3, 0xc2, 0xc1, 0xd8, 0xd7, 0xd6, 0xd5, 0xd4, 0xd3, 0xd2, 0xd1, 
    0xe8, 0xe7, 0xe6, 0xe5, 0xe4, 0xe3, 0xe2, 0xe1, 0x00, 0x00, 0x00, 0x00, 0x00, 0x00, 0x00, 0x00, 
    0x00, 0x00, 0x00, 0x00, 0x00, 0x00, 0x00, 0x00, 0x00, 0x00, 0x00, 0x00, 0x00, 0x00, 0x00, 0x00, 
    0x00, 0x00, 0x00, 0x00, 0x00, 0x00, 0x00, 0x00, 0x00, 0x00, 0x00, 0x00, 0x00, 0x00, 0x00, 0x00, 
    0x00, 0x00, 0x00, 0x00, 0x00, 0x00, 0x00, 0x00, 0x00, 0x00, 0x00, 0x00, 0x00, 0x00, 0x00, 0x00, 
    0x00, 0x00, 0x00, 0x00, 0x00, 0x00, 0x00, 0x00, 0x00, 0x00, 0x00, 0x00, 0x00, 0x00, 0x00, 0x00, 
];

const HOSTILE_MSG_NONZERO_RESERVED: [u8; 976] = [
    0x4c, 0x46, 0x4f, 0x52, 0x01, 0x00, 0x01, 0x00, 0xd0, 0x03, 0x00, 0x00, 0x01, 0x00, 0x00, 0x00, 
    0x88, 0x77, 0x66, 0x55, 0x44, 0x33, 0x22, 0x11, 0x00, 0xff, 0xee, 0xdd, 0xcc, 0xbb, 0xaa, 0x99, 
    0x08, 0x07, 0x06, 0x05, 0x04, 0x03, 0x02, 0x01, 0x00, 0x00, 0x00, 0x00, 0x00, 0x00, 0x00, 0x00, 
    0x4c, 0x4f, 0x4c, 0x4f, 0x01, 0x00, 0x01, 0x00, 0x80, 0x03, 0x00, 0x00, 0x00, 0x00, 0x00, 0x00, 
    0x00, 0x00, 0x00, 0x00, 0x00, 0x00, 0x00, 0x20, 0x01, 0x01, 0x00, 0x00, 0x00, 0x01, 0x00, 0x20, 
    0x02, 0x02, 0x00, 0x00, 0x00, 0x02, 0x00, 0x20, 0x03, 0x03, 0x00, 0x00, 0x00, 0x03, 0x00, 0x20, 
    0x04, 0x04, 0x00, 0x00, 0x00, 0x04, 0x00, 0x20, 0x05, 0x05, 0x00, 0x00, 0x00, 0x05, 0x00, 0x20, 
    0x06, 0x06, 0x00, 0x00, 0x00, 0x06, 0x00, 0x20, 0x07, 0x07, 0x00, 0x00, 0x00, 0x07, 0x00, 0x20, 
    0x08, 0x08, 0x00, 0x00, 0x00, 0x08, 0x00, 0x20, 0x09, 0x09, 0x00, 0x00, 0x00, 0x09, 0x00, 0x20, 
    0x0a, 0x0a, 0x00, 0x00, 0x00, 0x0a, 0x00, 0x20, 0x0b, 0x0b, 0x00, 0x00, 0x00, 0x0b, 0x00, 0x20, 
    0x0c, 0x0c, 0x00, 0x00, 0x00, 0x0c, 0x00, 0x20, 0x0d, 0x0d, 0x00, 0x00, 0x00, 0x0d, 0x00, 0x20, 
    0x0e, 0x0e, 0x00, 0x00, 0x00, 0x0e, 0x00, 0x20, 0x0f, 0x0f, 0x00, 0x00, 0x00, 0x0f, 0x00, 0x20, 
    0x10, 0x10, 0x00, 0x00, 0x00, 0x10, 0x00, 0x20, 0x11, 0x11, 0x00, 0x00, 0x00, 0x11, 0x00, 0x20, 
    0x12, 0x12, 0x00, 0x00, 0x00, 0x12, 0x00, 0x20, 0x13, 0x13, 0x00, 0x00, 0x00, 0x13, 0x00, 0x20, 
    0x14, 0x14, 0x00, 0x00, 0x00, 0x14, 0x00, 0x20, 0x15, 0x15, 0x00, 0x00, 0x00, 0x15, 0x00, 0x20, 
    0x16, 0x16, 0x00, 0x00, 0x00, 0x16, 0x00, 0x20, 0x17, 0x17, 0x00, 0x00, 0x00, 0x17, 0x00, 0x20, 
    0x18, 0x18, 0x00, 0x00, 0x00, 0x18, 0x00, 0x20, 0x19, 0x19, 0x00, 0x00, 0x00, 0x19, 0x00, 0x20, 
    0x1a, 0x1a, 0x00, 0x00, 0x00, 0x1a, 0x00, 0x20, 0x1b, 0x1b, 0x00, 0x00, 0x00, 0x1b, 0x00, 0x20, 
    0x1c, 0x1c, 0x00, 0x00, 0x00, 0x1c, 0x00, 0x20, 0x1d, 0x1d, 0x00, 0x00, 0x00, 0x1d, 0x00, 0x20, 
    0x1e, 0x1e, 0x00, 0x00, 0x00, 0x1e, 0x00, 0x20, 0x70, 0x66, 0x55, 0x44, 0x33, 0x22, 0x11, 0x00, 
    0x10, 0x10, 0x0f, 0x0e, 0x0d, 0x0c, 0x0b, 0x0a, 0x38, 0x37, 0x36, 0x35, 0x34, 0x33, 0x32, 0x31, 
    0x48, 0x47, 0x46, 0x45, 0x44, 0x43, 0x42, 0x41, 0x58, 0x57, 0x56, 0x55, 0x54, 0x53, 0x52, 0x51, 
    0x00, 0x00, 0x00, 0x00, 0x00, 0x00, 0x00, 0x60, 0x00, 0x00, 0x00, 0x00, 0x00, 0x00, 0x00, 0x70, 
    0x01, 0x00, 0x00, 0x00, 0x01, 0x00, 0x00, 0x60, 0x01, 0x00, 0x00, 0x00, 0x01, 0x00, 0x00, 0x70, 
    0x02, 0x00, 0x00, 0x00, 0x02, 0x00, 0x00, 0x60, 0x02, 0x00, 0x00, 0x00, 0x02, 0x00, 0x00, 0x70, 
    0x03, 0x00, 0x00, 0x00, 0x03, 0x00, 0x00, 0x60, 0x03, 0x00, 0x00, 0x00, 0x03, 0x00, 0x00, 0x70, 
    0x04, 0x00, 0x00, 0x00, 0x04, 0x00, 0x00, 0x60, 0x04, 0x00, 0x00, 0x00, 0x04, 0x00, 0x00, 0x70, 
    0x05, 0x00, 0x00, 0x00, 0x05, 0x00, 0x00, 0x60, 0x05, 0x00, 0x00, 0x00, 0x05, 0x00, 0x00, 0x70, 
    0x06, 0x00, 0x00, 0x00, 0x06, 0x00, 0x00, 0x60, 0x06, 0x00, 0x00, 0x00, 0x06, 0x00, 0x00, 0x70, 
    0x07, 0x00, 0x00, 0x00, 0x07, 0x00, 0x00, 0x60, 0x07, 0x00, 0x00, 0x00, 0x07, 0x00, 0x00, 0x70, 
    0x08, 0x00, 0x00, 0x00, 0x08, 0x00, 0x00, 0x60, 0x08, 0x00, 0x00, 0x00, 0x08, 0x00, 0x00, 0x70, 
    0x09, 0x00, 0x00, 0x00, 0x09, 0x00, 0x00, 0x60, 0x09, 0x00, 0x00, 0x00, 0x09, 0x00, 0x00, 0x70, 
    0x0a, 0x00, 0x00, 0x00, 0x0a, 0x00, 0x00, 0x60, 0x0a, 0x00, 0x00, 0x00, 0x0a, 0x00, 0x00, 0x70, 
    0x0b, 0x00, 0x00, 0x00, 0x0b, 0x00, 0x00, 0x60, 0x0b, 0x00, 0x00, 0x00, 0x0b, 0x00, 0x00, 0x70, 
    0x0c, 0x00, 0x00, 0x00, 0x0c, 0x00, 0x00, 0x60, 0x0c, 0x00, 0x00, 0x00, 0x0c, 0x00, 0x00, 0x70, 
    0x0d, 0x00, 0x00, 0x00, 0x0d, 0x00, 0x00, 0x60, 0x0d, 0x00, 0x00, 0x00, 0x0d, 0x00, 0x00, 0x70, 
    0x0e, 0x00, 0x00, 0x00, 0x0e, 0x00, 0x00, 0x60, 0x0e, 0x00, 0x00, 0x00, 0x0e, 0x00, 0x00, 0x70, 
    0x0f, 0x00, 0x00, 0x00, 0x0f, 0x00, 0x00, 0x60, 0x0f, 0x00, 0x00, 0x00, 0x0f, 0x00, 0x00, 0x70, 
    0x10, 0x00, 0x00, 0x00, 0x10, 0x00, 0x00, 0x60, 0x10, 0x00, 0x00, 0x00, 0x10, 0x00, 0x00, 0x70, 
    0x11, 0x00, 0x00, 0x00, 0x11, 0x00, 0x00, 0x60, 0x11, 0x00, 0x00, 0x00, 0x11, 0x00, 0x00, 0x70, 
    0x12, 0x00, 0x00, 0x00, 0x12, 0x00, 0x00, 0x60, 0x12, 0x00, 0x00, 0x00, 0x12, 0x00, 0x00, 0x70, 
    0x13, 0x00, 0x00, 0x00, 0x13, 0x00, 0x00, 0x60, 0x13, 0x00, 0x00, 0x00, 0x13, 0x00, 0x00, 0x70, 
    0x14, 0x00, 0x00, 0x00, 0x14, 0x00, 0x00, 0x60, 0x14, 0x00, 0x00, 0x00, 0x14, 0x00, 0x00, 0x70, 
    0x15, 0x00, 0x00, 0x00, 0x15, 0x00, 0x00, 0x60, 0x15, 0x00, 0x00, 0x00, 0x15, 0x00, 0x00, 0x70, 
    0x16, 0x00, 0x00, 0x00, 0x16, 0x00, 0x00, 0x60, 0x16, 0x00, 0x00, 0x00, 0x16, 0x00, 0x00, 0x70, 
    0x17, 0x00, 0x00, 0x00, 0x17, 0x00, 0x00, 0x60, 0x17, 0x00, 0x00, 0x00, 0x17, 0x00, 0x00, 0x70, 
    0x18, 0x00, 0x00, 0x00, 0x18, 0x00, 0x00, 0x60, 0x18, 0x00, 0x00, 0x00, 0x18, 0x00, 0x00, 0x70, 
    0x19, 0x00, 0x00, 0x00, 0x19, 0x00, 0x00, 0x60, 0x19, 0x00, 0x00, 0x00, 0x19, 0x00, 0x00, 0x70, 
    0x1a, 0x00, 0x00, 0x00, 0x1a, 0x00, 0x00, 0x60, 0x1a, 0x00, 0x00, 0x00, 0x1a, 0x00, 0x00, 0x70, 
    0x1b, 0x00, 0x00, 0x00, 0x1b, 0x00, 0x00, 0x60, 0x1b, 0x00, 0x00, 0x00, 0x1b, 0x00, 0x00, 0x70, 
    0x1c, 0x00, 0x00, 0x00, 0x1c, 0x00, 0x00, 0x60, 0x1c, 0x00, 0x00, 0x00, 0x1c, 0x00, 0x00, 0x70, 
    0x1d, 0x00, 0x00, 0x00, 0x1d, 0x00, 0x00, 0x60, 0x1d, 0x00, 0x00, 0x00, 0x1d, 0x00, 0x00, 0x70, 
    0x1e, 0x00, 0x00, 0x00, 0x1e, 0x00, 0x00, 0x60, 0x1e, 0x00, 0x00, 0x00, 0x1e, 0x00, 0x00, 0x70, 
    0x1f, 0x00, 0x00, 0x00, 0x1f, 0x00, 0x00, 0x60, 0x1f, 0x00, 0x00, 0x00, 0x1f, 0x00, 0x00, 0x70, 
    0x84, 0x83, 0x82, 0x81, 0x94, 0x93, 0x92, 0x91, 0xa4, 0xa3, 0xa2, 0xa1, 0xb4, 0xb3, 0xb2, 0xb1, 
    0xc8, 0xc7, 0xc6, 0xc5, 0xc4, 0xc3, 0xc2, 0xc1, 0xd8, 0xd7, 0xd6, 0xd5, 0xd4, 0xd3, 0xd2, 0xd1, 
    0xe8, 0xe7, 0xe6, 0xe5, 0xe4, 0xe3, 0xe2, 0xe1, 0x00, 0x00, 0x00, 0x00, 0x00, 0x00, 0x00, 0x00, 
    0x00, 0x00, 0x00, 0x00, 0x00, 0x00, 0x00, 0x00, 0x00, 0x00, 0x00, 0x00, 0x00, 0x00, 0x00, 0x00, 
    0x00, 0x00, 0x00, 0x00, 0x00, 0x00, 0x00, 0x00, 0x00, 0x00, 0x00, 0x00, 0x00, 0x00, 0x00, 0x00, 
    0x00, 0x00, 0x00, 0x00, 0x00, 0x00, 0x00, 0x00, 0x00, 0x00, 0x00, 0x00, 0x00, 0x00, 0x00, 0x00, 
    0x00, 0x00, 0x00, 0x00, 0x00, 0x00, 0x00, 0x00, 0x01, 0x00, 0x00, 0x00, 0x00, 0x00, 0x00, 0x00, 
];

const HOSTILE_MSG_INVALID_KICK_ORIGIN: [u8; 976] = [
    0x4c, 0x46, 0x4f, 0x52, 0x02, 0x00, 0x01, 0x00, 0xd0, 0x03, 0x00, 0x00, 0x04, 0x00, 0x00, 0x00, 
    0xbb, 0xaa, 0x99, 0x88, 0x77, 0x66, 0x55, 0x44, 0x33, 0x22, 0x11, 0x00, 0xff, 0xee, 0xdd, 0xcc, 
    0x38, 0x37, 0x36, 0x35, 0x34, 0x33, 0x32, 0x31, 0x00, 0x00, 0x00, 0x00, 0x00, 0x00, 0x00, 0x00, 
    0x4c, 0x4f, 0x4c, 0x4f, 0x01, 0x00, 0x01, 0x00, 0x80, 0x03, 0x00, 0x00, 0x00, 0x00, 0x00, 0x00, 
    0x00, 0x00, 0x00, 0x00, 0x00, 0x00, 0x00, 0x20, 0x01, 0x01, 0x00, 0x00, 0x00, 0x01, 0x00, 0x20, 
    0x02, 0x02, 0x00, 0x00, 0x00, 0x02, 0x00, 0x20, 0x03, 0x03, 0x00, 0x00, 0x00, 0x03, 0x00, 0x20, 
    0x04, 0x04, 0x00, 0x00, 0x00, 0x04, 0x00, 0x20, 0x05, 0x05, 0x00, 0x00, 0x00, 0x05, 0x00, 0x20, 
    0x06, 0x06, 0x00, 0x00, 0x00, 0x06, 0x00, 0x20, 0x07, 0x07, 0x00, 0x00, 0x00, 0x07, 0x00, 0x20, 
    0x08, 0x08, 0x00, 0x00, 0x00, 0x08, 0x00, 0x20, 0x09, 0x09, 0x00, 0x00, 0x00, 0x09, 0x00, 0x20, 
    0x0a, 0x0a, 0x00, 0x00, 0x00, 0x0a, 0x00, 0x20, 0x0b, 0x0b, 0x00, 0x00, 0x00, 0x0b, 0x00, 0x20, 
    0x0c, 0x0c, 0x00, 0x00, 0x00, 0x0c, 0x00, 0x20, 0x0d, 0x0d, 0x00, 0x00, 0x00, 0x0d, 0x00, 0x20, 
    0x0e, 0x0e, 0x00, 0x00, 0x00, 0x0e, 0x00, 0x20, 0x0f, 0x0f, 0x00, 0x00, 0x00, 0x0f, 0x00, 0x20, 
    0x10, 0x10, 0x00, 0x00, 0x00, 0x10, 0x00, 0x20, 0x11, 0x11, 0x00, 0x00, 0x00, 0x11, 0x00, 0x20, 
    0x12, 0x12, 0x00, 0x00, 0x00, 0x12, 0x00, 0x20, 0x13, 0x13, 0x00, 0x00, 0x00, 0x13, 0x00, 0x20, 
    0x14, 0x14, 0x00, 0x00, 0x00, 0x14, 0x00, 0x20, 0x15, 0x15, 0x00, 0x00, 0x00, 0x15, 0x00, 0x20, 
    0x16, 0x16, 0x00, 0x00, 0x00, 0x16, 0x00, 0x20, 0x17, 0x17, 0x00, 0x00, 0x00, 0x17, 0x00, 0x20, 
    0x18, 0x18, 0x00, 0x00, 0x00, 0x18, 0x00, 0x20, 0x19, 0x19, 0x00, 0x00, 0x00, 0x19, 0x00, 0x20, 
    0x1a, 0x1a, 0x00, 0x00, 0x00, 0x1a, 0x00, 0x20, 0x1b, 0x1b, 0x00, 0x00, 0x00, 0x1b, 0x00, 0x20, 
    0x1c, 0x1c, 0x00, 0x00, 0x00, 0x1c, 0x00, 0x20, 0x1d, 0x1d, 0x00, 0x00, 0x00, 0x1d, 0x00, 0x20, 
    0x1e, 0x1e, 0x00, 0x00, 0x00, 0x1e, 0x00, 0x20, 0x70, 0x66, 0x55, 0x44, 0x33, 0x22, 0x11, 0x00, 
    0x10, 0x10, 0x0f, 0x0e, 0x0d, 0x0c, 0x0b, 0x0a, 0x38, 0x37, 0x36, 0x35, 0x34, 0x33, 0x32, 0x31, 
    0x48, 0x47, 0x46, 0x45, 0x44, 0x43, 0x42, 0x41, 0x58, 0x57, 0x56, 0x55, 0x54, 0x53, 0x52, 0x51, 
    0x00, 0x00, 0x00, 0x00, 0x00, 0x00, 0x00, 0x60, 0x00, 0x00, 0x00, 0x00, 0x00, 0x00, 0x00, 0x70, 
    0x01, 0x00, 0x00, 0x00, 0x01, 0x00, 0x00, 0x60, 0x01, 0x00, 0x00, 0x00, 0x01, 0x00, 0x00, 0x70, 
    0x02, 0x00, 0x00, 0x00, 0x02, 0x00, 0x00, 0x60, 0x02, 0x00, 0x00, 0x00, 0x02, 0x00, 0x00, 0x70, 
    0x03, 0x00, 0x00, 0x00, 0x03, 0x00, 0x00, 0x60, 0x03, 0x00, 0x00, 0x00, 0x03, 0x00, 0x00, 0x70, 
    0x04, 0x00, 0x00, 0x00, 0x04, 0x00, 0x00, 0x60, 0x04, 0x00, 0x00, 0x00, 0x04, 0x00, 0x00, 0x70, 
    0x05, 0x00, 0x00, 0x00, 0x05, 0x00, 0x00, 0x60, 0x05, 0x00, 0x00, 0x00, 0x05, 0x00, 0x00, 0x70, 
    0x06, 0x00, 0x00, 0x00, 0x06, 0x00, 0x00, 0x60, 0x06, 0x00, 0x00, 0x00, 0x06, 0x00, 0x00, 0x70, 
    0x07, 0x00, 0x00, 0x00, 0x07, 0x00, 0x00, 0x60, 0x07, 0x00, 0x00, 0x00, 0x07, 0x00, 0x00, 0x70, 
    0x08, 0x00, 0x00, 0x00, 0x08, 0x00, 0x00, 0x60, 0x08, 0x00, 0x00, 0x00, 0x08, 0x00, 0x00, 0x70, 
    0x09, 0x00, 0x00, 0x00, 0x09, 0x00, 0x00, 0x60, 0x09, 0x00, 0x00, 0x00, 0x09, 0x00, 0x00, 0x70, 
    0x0a, 0x00, 0x00, 0x00, 0x0a, 0x00, 0x00, 0x60, 0x0a, 0x00, 0x00, 0x00, 0x0a, 0x00, 0x00, 0x70, 
    0x0b, 0x00, 0x00, 0x00, 0x0b, 0x00, 0x00, 0x60, 0x0b, 0x00, 0x00, 0x00, 0x0b, 0x00, 0x00, 0x70, 
    0x0c, 0x00, 0x00, 0x00, 0x0c, 0x00, 0x00, 0x60, 0x0c, 0x00, 0x00, 0x00, 0x0c, 0x00, 0x00, 0x70, 
    0x0d, 0x00, 0x00, 0x00, 0x0d, 0x00, 0x00, 0x60, 0x0d, 0x00, 0x00, 0x00, 0x0d, 0x00, 0x00, 0x70, 
    0x0e, 0x00, 0x00, 0x00, 0x0e, 0x00, 0x00, 0x60, 0x0e, 0x00, 0x00, 0x00, 0x0e, 0x00, 0x00, 0x70, 
    0x0f, 0x00, 0x00, 0x00, 0x0f, 0x00, 0x00, 0x60, 0x0f, 0x00, 0x00, 0x00, 0x0f, 0x00, 0x00, 0x70, 
    0x10, 0x00, 0x00, 0x00, 0x10, 0x00, 0x00, 0x60, 0x10, 0x00, 0x00, 0x00, 0x10, 0x00, 0x00, 0x70, 
    0x11, 0x00, 0x00, 0x00, 0x11, 0x00, 0x00, 0x60, 0x11, 0x00, 0x00, 0x00, 0x11, 0x00, 0x00, 0x70, 
    0x12, 0x00, 0x00, 0x00, 0x12, 0x00, 0x00, 0x60, 0x12, 0x00, 0x00, 0x00, 0x12, 0x00, 0x00, 0x70, 
    0x13, 0x00, 0x00, 0x00, 0x13, 0x00, 0x00, 0x60, 0x13, 0x00, 0x00, 0x00, 0x13, 0x00, 0x00, 0x70, 
    0x14, 0x00, 0x00, 0x00, 0x14, 0x00, 0x00, 0x60, 0x14, 0x00, 0x00, 0x00, 0x14, 0x00, 0x00, 0x70, 
    0x15, 0x00, 0x00, 0x00, 0x15, 0x00, 0x00, 0x60, 0x15, 0x00, 0x00, 0x00, 0x15, 0x00, 0x00, 0x70, 
    0x16, 0x00, 0x00, 0x00, 0x16, 0x00, 0x00, 0x60, 0x16, 0x00, 0x00, 0x00, 0x16, 0x00, 0x00, 0x70, 
    0x17, 0x00, 0x00, 0x00, 0x17, 0x00, 0x00, 0x60, 0x17, 0x00, 0x00, 0x00, 0x17, 0x00, 0x00, 0x70, 
    0x18, 0x00, 0x00, 0x00, 0x18, 0x00, 0x00, 0x60, 0x18, 0x00, 0x00, 0x00, 0x18, 0x00, 0x00, 0x70, 
    0x19, 0x00, 0x00, 0x00, 0x19, 0x00, 0x00, 0x60, 0x19, 0x00, 0x00, 0x00, 0x19, 0x00, 0x00, 0x70, 
    0x1a, 0x00, 0x00, 0x00, 0x1a, 0x00, 0x00, 0x60, 0x1a, 0x00, 0x00, 0x00, 0x1a, 0x00, 0x00, 0x70, 
    0x1b, 0x00, 0x00, 0x00, 0x1b, 0x00, 0x00, 0x60, 0x1b, 0x00, 0x00, 0x00, 0x1b, 0x00, 0x00, 0x70, 
    0x1c, 0x00, 0x00, 0x00, 0x1c, 0x00, 0x00, 0x60, 0x1c, 0x00, 0x00, 0x00, 0x1c, 0x00, 0x00, 0x70, 
    0x1d, 0x00, 0x00, 0x00, 0x1d, 0x00, 0x00, 0x60, 0x1d, 0x00, 0x00, 0x00, 0x1d, 0x00, 0x00, 0x70, 
    0x1e, 0x00, 0x00, 0x00, 0x1e, 0x00, 0x00, 0x60, 0x1e, 0x00, 0x00, 0x00, 0x1e, 0x00, 0x00, 0x70, 
    0x1f, 0x00, 0x00, 0x00, 0x1f, 0x00, 0x00, 0x60, 0x1f, 0x00, 0x00, 0x00, 0x1f, 0x00, 0x00, 0x70, 
    0x84, 0x83, 0x82, 0x81, 0x94, 0x93, 0x92, 0x91, 0xa4, 0xa3, 0xa2, 0xa1, 0xb4, 0xb3, 0xb2, 0xb1, 
    0xc8, 0xc7, 0xc6, 0xc5, 0xc4, 0xc3, 0xc2, 0xc1, 0xd8, 0xd7, 0xd6, 0xd5, 0xd4, 0xd3, 0xd2, 0xd1, 
    0xe8, 0xe7, 0xe6, 0xe5, 0xe4, 0xe3, 0xe2, 0xe1, 0x00, 0x00, 0x00, 0x00, 0x00, 0x00, 0x00, 0x00, 
    0x00, 0x00, 0x00, 0x00, 0x00, 0x00, 0x00, 0x00, 0x00, 0x00, 0x00, 0x00, 0x00, 0x00, 0x00, 0x00, 
    0x00, 0x00, 0x00, 0x00, 0x00, 0x00, 0x00, 0x00, 0x00, 0x00, 0x00, 0x00, 0x00, 0x00, 0x00, 0x00, 
    0x63, 0x00, 0x00, 0x00, 0x00, 0x00, 0x00, 0x00, 0x00, 0x00, 0x00, 0x00, 0x00, 0x00, 0x00, 0x00, 
    0x00, 0x00, 0x00, 0x00, 0x00, 0x00, 0x00, 0x00, 0x00, 0x00, 0x00, 0x00, 0x00, 0x00, 0x00, 0x00, 
];

const HOSTILE_MSG_INVALID_WAIT_OUTCOME: [u8; 976] = [
    0x4c, 0x46, 0x4f, 0x52, 0x03, 0x00, 0x01, 0x00, 0xd0, 0x03, 0x00, 0x00, 0x05, 0x00, 0x00, 0x00, 
    0xcc, 0xbb, 0xaa, 0x99, 0x88, 0x77, 0x66, 0x55, 0x44, 0x33, 0x22, 0x11, 0x00, 0xff, 0xee, 0xdd, 
    0x48, 0x47, 0x46, 0x45, 0x44, 0x43, 0x42, 0x41, 0x00, 0x00, 0x00, 0x00, 0x00, 0x00, 0x00, 0x00, 
    0x4c, 0x4f, 0x4c, 0x4f, 0x01, 0x00, 0x01, 0x00, 0x80, 0x03, 0x00, 0x00, 0x00, 0x00, 0x00, 0x00, 
    0x00, 0x00, 0x00, 0x00, 0x00, 0x00, 0x00, 0x20, 0x01, 0x01, 0x00, 0x00, 0x00, 0x01, 0x00, 0x20, 
    0x02, 0x02, 0x00, 0x00, 0x00, 0x02, 0x00, 0x20, 0x03, 0x03, 0x00, 0x00, 0x00, 0x03, 0x00, 0x20, 
    0x04, 0x04, 0x00, 0x00, 0x00, 0x04, 0x00, 0x20, 0x05, 0x05, 0x00, 0x00, 0x00, 0x05, 0x00, 0x20, 
    0x06, 0x06, 0x00, 0x00, 0x00, 0x06, 0x00, 0x20, 0x07, 0x07, 0x00, 0x00, 0x00, 0x07, 0x00, 0x20, 
    0x08, 0x08, 0x00, 0x00, 0x00, 0x08, 0x00, 0x20, 0x09, 0x09, 0x00, 0x00, 0x00, 0x09, 0x00, 0x20, 
    0x0a, 0x0a, 0x00, 0x00, 0x00, 0x0a, 0x00, 0x20, 0x0b, 0x0b, 0x00, 0x00, 0x00, 0x0b, 0x00, 0x20, 
    0x0c, 0x0c, 0x00, 0x00, 0x00, 0x0c, 0x00, 0x20, 0x0d, 0x0d, 0x00, 0x00, 0x00, 0x0d, 0x00, 0x20, 
    0x0e, 0x0e, 0x00, 0x00, 0x00, 0x0e, 0x00, 0x20, 0x0f, 0x0f, 0x00, 0x00, 0x00, 0x0f, 0x00, 0x20, 
    0x10, 0x10, 0x00, 0x00, 0x00, 0x10, 0x00, 0x20, 0x11, 0x11, 0x00, 0x00, 0x00, 0x11, 0x00, 0x20, 
    0x12, 0x12, 0x00, 0x00, 0x00, 0x12, 0x00, 0x20, 0x13, 0x13, 0x00, 0x00, 0x00, 0x13, 0x00, 0x20, 
    0x14, 0x14, 0x00, 0x00, 0x00, 0x14, 0x00, 0x20, 0x15, 0x15, 0x00, 0x00, 0x00, 0x15, 0x00, 0x20, 
    0x16, 0x16, 0x00, 0x00, 0x00, 0x16, 0x00, 0x20, 0x17, 0x17, 0x00, 0x00, 0x00, 0x17, 0x00, 0x20, 
    0x18, 0x18, 0x00, 0x00, 0x00, 0x18, 0x00, 0x20, 0x19, 0x19, 0x00, 0x00, 0x00, 0x19, 0x00, 0x20, 
    0x1a, 0x1a, 0x00, 0x00, 0x00, 0x1a, 0x00, 0x20, 0x1b, 0x1b, 0x00, 0x00, 0x00, 0x1b, 0x00, 0x20, 
    0x1c, 0x1c, 0x00, 0x00, 0x00, 0x1c, 0x00, 0x20, 0x1d, 0x1d, 0x00, 0x00, 0x00, 0x1d, 0x00, 0x20, 
    0x1e, 0x1e, 0x00, 0x00, 0x00, 0x1e, 0x00, 0x20, 0x70, 0x66, 0x55, 0x44, 0x33, 0x22, 0x11, 0x00, 
    0x10, 0x10, 0x0f, 0x0e, 0x0d, 0x0c, 0x0b, 0x0a, 0x38, 0x37, 0x36, 0x35, 0x34, 0x33, 0x32, 0x31, 
    0x48, 0x47, 0x46, 0x45, 0x44, 0x43, 0x42, 0x41, 0x58, 0x57, 0x56, 0x55, 0x54, 0x53, 0x52, 0x51, 
    0x00, 0x00, 0x00, 0x00, 0x00, 0x00, 0x00, 0x60, 0x00, 0x00, 0x00, 0x00, 0x00, 0x00, 0x00, 0x70, 
    0x01, 0x00, 0x00, 0x00, 0x01, 0x00, 0x00, 0x60, 0x01, 0x00, 0x00, 0x00, 0x01, 0x00, 0x00, 0x70, 
    0x02, 0x00, 0x00, 0x00, 0x02, 0x00, 0x00, 0x60, 0x02, 0x00, 0x00, 0x00, 0x02, 0x00, 0x00, 0x70, 
    0x03, 0x00, 0x00, 0x00, 0x03, 0x00, 0x00, 0x60, 0x03, 0x00, 0x00, 0x00, 0x03, 0x00, 0x00, 0x70, 
    0x04, 0x00, 0x00, 0x00, 0x04, 0x00, 0x00, 0x60, 0x04, 0x00, 0x00, 0x00, 0x04, 0x00, 0x00, 0x70, 
    0x05, 0x00, 0x00, 0x00, 0x05, 0x00, 0x00, 0x60, 0x05, 0x00, 0x00, 0x00, 0x05, 0x00, 0x00, 0x70, 
    0x06, 0x00, 0x00, 0x00, 0x06, 0x00, 0x00, 0x60, 0x06, 0x00, 0x00, 0x00, 0x06, 0x00, 0x00, 0x70, 
    0x07, 0x00, 0x00, 0x00, 0x07, 0x00, 0x00, 0x60, 0x07, 0x00, 0x00, 0x00, 0x07, 0x00, 0x00, 0x70, 
    0x08, 0x00, 0x00, 0x00, 0x08, 0x00, 0x00, 0x60, 0x08, 0x00, 0x00, 0x00, 0x08, 0x00, 0x00, 0x70, 
    0x09, 0x00, 0x00, 0x00, 0x09, 0x00, 0x00, 0x60, 0x09, 0x00, 0x00, 0x00, 0x09, 0x00, 0x00, 0x70, 
    0x0a, 0x00, 0x00, 0x00, 0x0a, 0x00, 0x00, 0x60, 0x0a, 0x00, 0x00, 0x00, 0x0a, 0x00, 0x00, 0x70, 
    0x0b, 0x00, 0x00, 0x00, 0x0b, 0x00, 0x00, 0x60, 0x0b, 0x00, 0x00, 0x00, 0x0b, 0x00, 0x00, 0x70, 
    0x0c, 0x00, 0x00, 0x00, 0x0c, 0x00, 0x00, 0x60, 0x0c, 0x00, 0x00, 0x00, 0x0c, 0x00, 0x00, 0x70, 
    0x0d, 0x00, 0x00, 0x00, 0x0d, 0x00, 0x00, 0x60, 0x0d, 0x00, 0x00, 0x00, 0x0d, 0x00, 0x00, 0x70, 
    0x0e, 0x00, 0x00, 0x00, 0x0e, 0x00, 0x00, 0x60, 0x0e, 0x00, 0x00, 0x00, 0x0e, 0x00, 0x00, 0x70, 
    0x0f, 0x00, 0x00, 0x00, 0x0f, 0x00, 0x00, 0x60, 0x0f, 0x00, 0x00, 0x00, 0x0f, 0x00, 0x00, 0x70, 
    0x10, 0x00, 0x00, 0x00, 0x10, 0x00, 0x00, 0x60, 0x10, 0x00, 0x00, 0x00, 0x10, 0x00, 0x00, 0x70, 
    0x11, 0x00, 0x00, 0x00, 0x11, 0x00, 0x00, 0x60, 0x11, 0x00, 0x00, 0x00, 0x11, 0x00, 0x00, 0x70, 
    0x12, 0x00, 0x00, 0x00, 0x12, 0x00, 0x00, 0x60, 0x12, 0x00, 0x00, 0x00, 0x12, 0x00, 0x00, 0x70, 
    0x13, 0x00, 0x00, 0x00, 0x13, 0x00, 0x00, 0x60, 0x13, 0x00, 0x00, 0x00, 0x13, 0x00, 0x00, 0x70, 
    0x14, 0x00, 0x00, 0x00, 0x14, 0x00, 0x00, 0x60, 0x14, 0x00, 0x00, 0x00, 0x14, 0x00, 0x00, 0x70, 
    0x15, 0x00, 0x00, 0x00, 0x15, 0x00, 0x00, 0x60, 0x15, 0x00, 0x00, 0x00, 0x15, 0x00, 0x00, 0x70, 
    0x16, 0x00, 0x00, 0x00, 0x16, 0x00, 0x00, 0x60, 0x16, 0x00, 0x00, 0x00, 0x16, 0x00, 0x00, 0x70, 
    0x17, 0x00, 0x00, 0x00, 0x17, 0x00, 0x00, 0x60, 0x17, 0x00, 0x00, 0x00, 0x17, 0x00, 0x00, 0x70, 
    0x18, 0x00, 0x00, 0x00, 0x18, 0x00, 0x00, 0x60, 0x18, 0x00, 0x00, 0x00, 0x18, 0x00, 0x00, 0x70, 
    0x19, 0x00, 0x00, 0x00, 0x19, 0x00, 0x00, 0x60, 0x19, 0x00, 0x00, 0x00, 0x19, 0x00, 0x00, 0x70, 
    0x1a, 0x00, 0x00, 0x00, 0x1a, 0x00, 0x00, 0x60, 0x1a, 0x00, 0x00, 0x00, 0x1a, 0x00, 0x00, 0x70, 
    0x1b, 0x00, 0x00, 0x00, 0x1b, 0x00, 0x00, 0x60, 0x1b, 0x00, 0x00, 0x00, 0x1b, 0x00, 0x00, 0x70, 
    0x1c, 0x00, 0x00, 0x00, 0x1c, 0x00, 0x00, 0x60, 0x1c, 0x00, 0x00, 0x00, 0x1c, 0x00, 0x00, 0x70, 
    0x1d, 0x00, 0x00, 0x00, 0x1d, 0x00, 0x00, 0x60, 0x1d, 0x00, 0x00, 0x00, 0x1d, 0x00, 0x00, 0x70, 
    0x1e, 0x00, 0x00, 0x00, 0x1e, 0x00, 0x00, 0x60, 0x1e, 0x00, 0x00, 0x00, 0x1e, 0x00, 0x00, 0x70, 
    0x1f, 0x00, 0x00, 0x00, 0x1f, 0x00, 0x00, 0x60, 0x1f, 0x00, 0x00, 0x00, 0x1f, 0x00, 0x00, 0x70, 
    0x84, 0x83, 0x82, 0x81, 0x94, 0x93, 0x92, 0x91, 0xa4, 0xa3, 0xa2, 0xa1, 0xb4, 0xb3, 0xb2, 0xb1, 
    0xc8, 0xc7, 0xc6, 0xc5, 0xc4, 0xc3, 0xc2, 0xc1, 0xd8, 0xd7, 0xd6, 0xd5, 0xd4, 0xd3, 0xd2, 0xd1, 
    0xe8, 0xe7, 0xe6, 0xe5, 0xe4, 0xe3, 0xe2, 0xe1, 0x00, 0x00, 0x00, 0x00, 0x00, 0x00, 0x00, 0x00, 
    0x00, 0x00, 0x00, 0x00, 0x00, 0x00, 0x00, 0x00, 0x00, 0x00, 0x00, 0x00, 0x00, 0x00, 0x00, 0x00, 
    0x00, 0x00, 0x00, 0x00, 0x00, 0x00, 0x00, 0x00, 0x00, 0x00, 0x00, 0x00, 0x00, 0x00, 0x00, 0x00, 
    0x63, 0x00, 0x00, 0x00, 0x00, 0x00, 0x00, 0x00, 0x00, 0x00, 0x00, 0x00, 0x00, 0x00, 0x00, 0x00, 
    0x00, 0x00, 0x00, 0x00, 0x00, 0x00, 0x00, 0x00, 0x00, 0x00, 0x00, 0x00, 0x00, 0x00, 0x00, 0x00, 
];

const HOSTILE_WAIT_BAD_MAGIC: [u8; 64] = [
    0x00, 0x57, 0x41, 0x54, 0x01, 0x00, 0x01, 0x00, 0x40, 0x00, 0x00, 0x00, 0x00, 0x00, 0x00, 0x00, 
    0x88, 0x77, 0x66, 0x55, 0x44, 0x33, 0x22, 0x11, 0x00, 0x40, 0x00, 0x00, 0x00, 0x00, 0x00, 0x00, 
    0xef, 0xbe, 0xed, 0xfe, 0x00, 0x00, 0x00, 0x00, 0xff, 0xff, 0xff, 0xff, 0xff, 0xff, 0xff, 0xff, 
    0x00, 0x00, 0x00, 0x00, 0x00, 0x00, 0x00, 0x00, 0x00, 0x00, 0x00, 0x00, 0x00, 0x00, 0x00, 0x00, 
];

const HOSTILE_WAIT_WRONG_VERSION: [u8; 64] = [
    0x4c, 0x57, 0x41, 0x54, 0x02, 0x00, 0x01, 0x00, 0x40, 0x00, 0x00, 0x00, 0x00, 0x00, 0x00, 0x00, 
    0x88, 0x77, 0x66, 0x55, 0x44, 0x33, 0x22, 0x11, 0x00, 0x40, 0x00, 0x00, 0x00, 0x00, 0x00, 0x00, 
    0xef, 0xbe, 0xed, 0xfe, 0x00, 0x00, 0x00, 0x00, 0xff, 0xff, 0xff, 0xff, 0xff, 0xff, 0xff, 0xff, 
    0x00, 0x00, 0x00, 0x00, 0x00, 0x00, 0x00, 0x00, 0x00, 0x00, 0x00, 0x00, 0x00, 0x00, 0x00, 0x00, 
];

const HOSTILE_WAIT_WRONG_SIZE_FIELD: [u8; 64] = [
    0x4c, 0x57, 0x41, 0x54, 0x01, 0x00, 0x01, 0x00, 0x3f, 0x00, 0x00, 0x00, 0x00, 0x00, 0x00, 0x00, 
    0x88, 0x77, 0x66, 0x55, 0x44, 0x33, 0x22, 0x11, 0x00, 0x40, 0x00, 0x00, 0x00, 0x00, 0x00, 0x00, 
    0xef, 0xbe, 0xed, 0xfe, 0x00, 0x00, 0x00, 0x00, 0xff, 0xff, 0xff, 0xff, 0xff, 0xff, 0xff, 0xff, 
    0x00, 0x00, 0x00, 0x00, 0x00, 0x00, 0x00, 0x00, 0x00, 0x00, 0x00, 0x00, 0x00, 0x00, 0x00, 0x00, 
];

const HOSTILE_WAIT_NONZERO_RESERVED_TAIL: [u8; 64] = [
    0x4c, 0x57, 0x41, 0x54, 0x01, 0x00, 0x01, 0x00, 0x40, 0x00, 0x00, 0x00, 0x00, 0x00, 0x00, 0x00, 
    0x88, 0x77, 0x66, 0x55, 0x44, 0x33, 0x22, 0x11, 0x00, 0x40, 0x00, 0x00, 0x00, 0x00, 0x00, 0x00, 
    0xef, 0xbe, 0xed, 0xfe, 0x00, 0x00, 0x00, 0x00, 0xff, 0xff, 0xff, 0xff, 0xff, 0xff, 0xff, 0xff, 
    0x00, 0x00, 0x00, 0x00, 0x00, 0x00, 0x00, 0x00, 0x00, 0x00, 0x00, 0x00, 0x01, 0x00, 0x00, 0x00, 
];

const HOSTILE_WAIT_UNKNOWN_OP_0: [u8; 64] = [
    0x4c, 0x57, 0x41, 0x54, 0x01, 0x00, 0x00, 0x00, 0x40, 0x00, 0x00, 0x00, 0x00, 0x00, 0x00, 0x00, 
    0x88, 0x77, 0x66, 0x55, 0x44, 0x33, 0x22, 0x11, 0x00, 0x40, 0x00, 0x00, 0x00, 0x00, 0x00, 0x00, 
    0xef, 0xbe, 0xed, 0xfe, 0x00, 0x00, 0x00, 0x00, 0xff, 0xff, 0xff, 0xff, 0xff, 0xff, 0xff, 0xff, 
    0x00, 0x00, 0x00, 0x00, 0x00, 0x00, 0x00, 0x00, 0x00, 0x00, 0x00, 0x00, 0x00, 0x00, 0x00, 0x00, 
];

const HOSTILE_WAIT_UNKNOWN_OP_5: [u8; 64] = [
    0x4c, 0x57, 0x41, 0x54, 0x01, 0x00, 0x05, 0x00, 0x40, 0x00, 0x00, 0x00, 0x00, 0x00, 0x00, 0x00, 
    0x88, 0x77, 0x66, 0x55, 0x44, 0x33, 0x22, 0x11, 0x00, 0x40, 0x00, 0x00, 0x00, 0x00, 0x00, 0x00, 
    0xef, 0xbe, 0xed, 0xfe, 0x00, 0x00, 0x00, 0x00, 0xff, 0xff, 0xff, 0xff, 0xff, 0xff, 0xff, 0xff, 
    0x00, 0x00, 0x00, 0x00, 0x00, 0x00, 0x00, 0x00, 0x00, 0x00, 0x00, 0x00, 0x00, 0x00, 0x00, 0x00, 
];

const HOSTILE_WAIT_TRUNCATED_63: [u8; 63] = [
    0x4c, 0x57, 0x41, 0x54, 0x01, 0x00, 0x01, 0x00, 0x40, 0x00, 0x00, 0x00, 0x00, 0x00, 0x00, 0x00, 
    0x88, 0x77, 0x66, 0x55, 0x44, 0x33, 0x22, 0x11, 0x00, 0x40, 0x00, 0x00, 0x00, 0x00, 0x00, 0x00, 
    0xef, 0xbe, 0xed, 0xfe, 0x00, 0x00, 0x00, 0x00, 0xff, 0xff, 0xff, 0xff, 0xff, 0xff, 0xff, 0xff, 
    0x00, 0x00, 0x00, 0x00, 0x00, 0x00, 0x00, 0x00, 0x00, 0x00, 0x00, 0x00, 0x00, 0x00, 0x00, 
];

const HOSTILE_WAIT_OVERSIZED_65: [u8; 65] = [
    0x4c, 0x57, 0x41, 0x54, 0x01, 0x00, 0x01, 0x00, 0x40, 0x00, 0x00, 0x00, 0x00, 0x00, 0x00, 0x00, 
    0x88, 0x77, 0x66, 0x55, 0x44, 0x33, 0x22, 0x11, 0x00, 0x40, 0x00, 0x00, 0x00, 0x00, 0x00, 0x00, 
    0xef, 0xbe, 0xed, 0xfe, 0x00, 0x00, 0x00, 0x00, 0xff, 0xff, 0xff, 0xff, 0xff, 0xff, 0xff, 0xff, 
    0x00, 0x00, 0x00, 0x00, 0x00, 0x00, 0x00, 0x00, 0x00, 0x00, 0x00, 0x00, 0x00, 0x00, 0x00, 0x00, 
    0x00, 
];

#[test]
fn hostile_truncated_and_oversized_messages_are_rejected() {
    assert_eq!(ForeignMessageV1::from_wire_bytes(&HOSTILE_MSG_TRUNCATED_975), Err(ForeignError::WrongWireSize));
    assert_eq!(ForeignMessageV1::from_wire_bytes(&HOSTILE_MSG_TRUNCATED_512), Err(ForeignError::WrongWireSize));
    assert_eq!(ForeignMessageV1::from_wire_bytes(&HOSTILE_MSG_TRUNCATED_0), Err(ForeignError::WrongWireSize));
    assert_eq!(ForeignMessageV1::from_wire_bytes(&HOSTILE_MSG_OVERSIZED_977), Err(ForeignError::WrongWireSize));
}

#[test]
fn hostile_semantic_frames_are_rejected_by_exit_reason() {
    // from_wire_bytes is lossless; the rejection is at exit_reason().
    assert_eq!(ForeignMessageV1::from_wire_bytes(&HOSTILE_MSG_BAD_MAGIC).unwrap().exit_reason(), Err(ForeignError::BadMagic));
    assert_eq!(ForeignMessageV1::from_wire_bytes(&HOSTILE_MSG_VERSION_0).unwrap().exit_reason(), Err(ForeignError::UnsupportedVersion));
    assert_eq!(ForeignMessageV1::from_wire_bytes(&HOSTILE_MSG_VERSION_5).unwrap().exit_reason(), Err(ForeignError::UnsupportedVersion));
    assert_eq!(ForeignMessageV1::from_wire_bytes(&HOSTILE_MSG_WRONG_ARCH).unwrap().exit_reason(), Err(ForeignError::WrongArchitecture));
    assert_eq!(ForeignMessageV1::from_wire_bytes(&HOSTILE_MSG_WRONG_SIZE).unwrap().exit_reason(), Err(ForeignError::WrongSize));
    assert_eq!(ForeignMessageV1::from_wire_bytes(&HOSTILE_MSG_NONZERO_RESERVED).unwrap().exit_reason(), Err(ForeignError::NonzeroReserved));
}

#[test]
fn hostile_invalid_kick_origin_is_rejected() {
    let decoded = ForeignMessageV1::from_wire_bytes(&HOSTILE_MSG_INVALID_KICK_ORIGIN).unwrap();
    assert_eq!(decoded.exit_reason(), Err(ForeignError::InvalidKickOrigin));
    assert_eq!(decoded.kick_origin(), Err(ForeignError::InvalidKickOrigin));
}

#[test]
fn hostile_invalid_wait_outcome_is_rejected() {
    let decoded = ForeignMessageV1::from_wire_bytes(&HOSTILE_MSG_INVALID_WAIT_OUTCOME).unwrap();
    assert_eq!(decoded.exit_reason(), Err(ForeignError::InvalidWaitOutcome));
    assert_eq!(decoded.wait_outcome(), Err(ForeignError::InvalidWaitOutcome));
}

#[test]
fn hostile_wait_requests_are_rejected() {
    assert_eq!(ForeignWaitU32RequestV1::from_wire_bytes(&HOSTILE_WAIT_BAD_MAGIC), Err(ForeignError::WrongWaitRequestMagic));
    assert_eq!(ForeignWaitU32RequestV1::from_wire_bytes(&HOSTILE_WAIT_WRONG_VERSION), Err(ForeignError::WrongWaitRequestSize));
    assert_eq!(ForeignWaitU32RequestV1::from_wire_bytes(&HOSTILE_WAIT_WRONG_SIZE_FIELD), Err(ForeignError::WrongWaitRequestSize));
    assert_eq!(ForeignWaitU32RequestV1::from_wire_bytes(&HOSTILE_WAIT_NONZERO_RESERVED_TAIL), Err(ForeignError::WrongWaitRequestSize));
    assert_eq!(ForeignWaitU32RequestV1::from_wire_bytes(&HOSTILE_WAIT_UNKNOWN_OP_0), Err(ForeignError::InvalidWaitRequest));
    assert_eq!(ForeignWaitU32RequestV1::from_wire_bytes(&HOSTILE_WAIT_UNKNOWN_OP_5), Err(ForeignError::InvalidWaitRequest));
    assert_eq!(ForeignWaitU32RequestV1::from_wire_bytes(&HOSTILE_WAIT_TRUNCATED_63), Err(ForeignError::WrongWaitRequestSize));
    assert_eq!(ForeignWaitU32RequestV1::from_wire_bytes(&HOSTILE_WAIT_OVERSIZED_65), Err(ForeignError::WrongWaitRequestSize));
}

#[test]
fn interrupt_requires_nonzero_sequence() {
    assert_eq!(ForeignWaitU32RequestV1::interrupt(0).validate(), Err(ForeignError::InvalidWaitRequest));
}

// ======================================================================
// Numeric pinning: every public constant, every repr(C) layout (including the
// sub-record alignments the existing tests miss), and every private wire
// discriminant probed through the public encode API.
// ======================================================================

#[test]
fn magic_constants_are_frozen() {
    assert_eq!(FOREIGN_MAGIC, u32::from_le_bytes(*b"LFOR"));
    assert_eq!(FOREIGN_WAIT_U32_MAGIC, u32::from_le_bytes(*b"LWAT"));
    assert_eq!(STATE_MAGIC, u32::from_le_bytes(*b"LOLO"));
    assert_ne!(FOREIGN_MAGIC, STATE_MAGIC);
}

#[test]
fn magics_appear_as_le_prefixes_on_wire() {
    assert_eq!(&v1_supervisor_exit().to_wire_bytes()[0..4], b"LFOR");
    assert_eq!(&v1_supervisor_exit().to_wire_bytes()[0..4], &FOREIGN_MAGIC.to_le_bytes());
    assert_eq!(&v1_supervisor_exit().to_wire_bytes()[48..52], b"LOLO");
    assert_eq!(&wait_park_no_timeout().to_wire_bytes()[0..4], b"LWAT");
    assert_eq!(&wait_park_no_timeout().to_wire_bytes()[0..4], &FOREIGN_WAIT_U32_MAGIC.to_le_bytes());
    assert_eq!(&wait_park_no_timeout().to_wire_bytes()[4..6], &FOREIGN_WAIT_U32_VERSION_V1.to_le_bytes());
    assert_eq!(&wait_park_no_timeout().to_wire_bytes()[8..12], &(FOREIGN_WAIT_U32_REQUEST_V1_WIRE_SIZE as u32).to_le_bytes());
}

#[test]
fn protocol_and_arch_versions_are_frozen() {
    assert_eq!(FOREIGN_VERSION_V1, 1);
    assert_eq!(FOREIGN_VERSION_V2, 2);
    assert_eq!(FOREIGN_VERSION_V3, 3);
    assert_eq!(FOREIGN_VERSION_V4, 4);
    assert_eq!(FOREIGN_WAIT_U32_VERSION_V1, 1);
    assert_eq!(STATE_VERSION_V1, 1);
    assert_eq!(FOREIGN_ARCH_AARCH64, 1);
    assert_eq!(ARCHITECTURE_AARCH64, 1);
    assert_eq!(FOREIGN_ARCH_AARCH64, ARCHITECTURE_AARCH64);
    assert_eq!(FOREIGN_WAIT_U32_NO_TIMEOUT, u64::MAX);
    assert!(protocol_version_is_supported(FOREIGN_VERSION_V1));
    assert!(protocol_version_is_supported(FOREIGN_VERSION_V4));
    assert!(!protocol_version_is_supported(0));
    assert!(!protocol_version_is_supported(5));
}

#[test]
fn exit_reason_codes_are_frozen() {
    assert_eq!(EXIT_SUPERVISOR_CALL, 1);
    assert_eq!(EXIT_EXCEPTION, 2);
    assert_eq!(EXIT_TASK_DEATH, 3);
    assert_eq!(EXIT_KICK, 4);
    assert_eq!(EXIT_WAIT_COMPLETE, 5);
}

#[test]
fn reply_kind_codes_are_frozen() {
    assert_eq!(REPLY_RESUME, 0x101);
    assert_eq!(REPLY_TERMINATE, 0x102);
}

#[test]
fn exception_kind_values_are_frozen() {
    assert_eq!(EXCEPTION_NONE, 0);
    assert_eq!(EXCEPTION_SUPERVISOR_CALL, 1);
    assert_eq!(EXCEPTION_DATA_ABORT, 2);
    assert_eq!(EXCEPTION_INSTRUCTION_ABORT, 3);
    assert_eq!(EXCEPTION_ILLEGAL_INSTRUCTION, 4);
    assert_eq!(EXCEPTION_BREAKPOINT, 5);
    assert_eq!(EXCEPTION_OTHER, u32::MAX);
}

#[test]
fn domain_op_opcodes_are_frozen() {
    assert_eq!(domain_op::SET_CAPACITY, 0);
    assert_eq!(domain_op::ATTACH, 1);
    assert_eq!(domain_op::START, 2);
    assert_eq!(domain_op::DESTROY, 3);
    assert_eq!(domain_op::SET_PROTOCOL_VERSION, 4);
    assert_eq!(domain_op::KICK, 5);
    assert_eq!(domain_op::CANCEL, 6);
    assert_eq!(domain_op::SET_LIMITS_V1, 7);
    assert_eq!(FOREIGN_DOMAIN_LIMITS_V1_VALUE_COUNT, 6);
    assert_eq!(FOREIGN_DOMAIN_LIMITS_V1_CONTROL_WORD_COUNT, 7);
}

#[test]
fn wait_and_memory_constants_are_frozen() {
    assert_eq!(FOREIGN_WAIT_U32_REQUEST_V1_WIRE_SIZE, 64);
    assert_eq!(FOREIGN_WAIT_U32_NO_TIMEOUT, u64::MAX);
    assert_eq!(FOREIGN_MEMORY_VERSION_V1, 1);
    assert_eq!(FOREIGN_MEMORY_MAX_TRANSFER_V1, 64 * 1024);
    assert_eq!(FOREIGN_MEMORY_HANDLE_PREFIX, "memory/");
    assert_eq!(FOREIGN_ATOMIC_U32_HANDLE_PREFIX, "atomic-u32/");
    assert_eq!(FOREIGN_WAIT_U32_HANDLE_PREFIX, "wait-u32/");
}

#[test]
fn wire_sizes_are_frozen() {
    assert_eq!(STATE_V1_SIZE, 896);
    assert_eq!(FOREIGN_MESSAGE_V1_SIZE, 976);
    assert_eq!(FOREIGN_MESSAGE_V1_WIRE_SIZE, 976);
    assert_eq!(FOREIGN_WAIT_U32_REQUEST_V1_WIRE_SIZE, 64);
}

#[test]
fn foreign_message_layout_is_frozen() {
    assert_eq!(size_of::<ForeignMessageV1>(), 976);
    assert_eq!(align_of::<ForeignMessageV1>(), 16);
    assert_eq!(offset_of!(ForeignMessageV1, header), 0);
    assert_eq!(offset_of!(ForeignMessageV1, domain_id), 16);
    assert_eq!(offset_of!(ForeignMessageV1, task_id), 24);
    assert_eq!(offset_of!(ForeignMessageV1, sequence), 32);
    assert_eq!(offset_of!(ForeignMessageV1, flags), 40);
    assert_eq!(offset_of!(ForeignMessageV1, state), 48);
    assert_eq!(offset_of!(ForeignMessageV1, reserved), 944);
    assert_eq!(offset_of!(ForeignMessageV1, reserved) + size_of::<[u64; 4]>(), 976);
}

#[test]
fn foreign_header_layout_is_frozen() {
    // The existing suite pins size but never the alignment.
    assert_eq!(size_of::<ForeignHeader>(), 16);
    assert_eq!(align_of::<ForeignHeader>(), 4);
    assert_eq!(offset_of!(ForeignHeader, magic), 0);
    assert_eq!(offset_of!(ForeignHeader, version), 4);
    assert_eq!(offset_of!(ForeignHeader, architecture), 6);
    assert_eq!(offset_of!(ForeignHeader, size), 8);
    assert_eq!(offset_of!(ForeignHeader, code), 12);
}

#[test]
fn state_layout_is_frozen() {
    assert_eq!(size_of::<Aarch64StateV1>(), 896);
    assert_eq!(align_of::<Aarch64StateV1>(), 16);
    assert_eq!(offset_of!(Aarch64StateV1, header), 0);
    assert_eq!(offset_of!(Aarch64StateV1, x), 16);
    assert_eq!(offset_of!(Aarch64StateV1, sp), 264);
    assert_eq!(offset_of!(Aarch64StateV1, pc), 272);
    assert_eq!(offset_of!(Aarch64StateV1, pstate), 280);
    assert_eq!(offset_of!(Aarch64StateV1, tpidr_el0), 288);
    assert_eq!(offset_of!(Aarch64StateV1, tpidrro_el0), 296);
    assert_eq!(offset_of!(Aarch64StateV1, vectors), 304);
    assert_eq!(offset_of!(Aarch64StateV1, fpcr), 816);
    assert_eq!(offset_of!(Aarch64StateV1, fpsr), 820);
    assert_eq!(offset_of!(Aarch64StateV1, exception), 824);
    assert_eq!(offset_of!(Aarch64StateV1, reserved), 856);
    assert_eq!(offset_of!(Aarch64StateV1, reserved) + size_of::<[u64; 5]>(), 896);
}

#[test]
fn state_subrecord_layouts_are_frozen() {
    // Sub-record alignments the existing suite never pins.
    assert_eq!(size_of::<StateHeader>(), 16);
    assert_eq!(align_of::<StateHeader>(), 4);
    assert_eq!(size_of::<Aarch64ExceptionState>(), 32);
    assert_eq!(align_of::<Aarch64ExceptionState>(), 8);
    assert_eq!(size_of::<Aarch64Vector>(), 16);
    assert_eq!(align_of::<Aarch64Vector>(), 16);
    assert_eq!(offset_of!(Aarch64ExceptionState, kind), 0);
    assert_eq!(offset_of!(Aarch64ExceptionState, flags), 4);
    assert_eq!(offset_of!(Aarch64ExceptionState, esr), 8);
    assert_eq!(offset_of!(Aarch64ExceptionState, far), 16);
    assert_eq!(offset_of!(Aarch64ExceptionState, pc), 24);
}

#[test]
fn wait_request_wire_size_is_frozen_64() {
    assert_eq!(FOREIGN_WAIT_U32_REQUEST_V1_WIRE_SIZE, 64);
    assert_eq!(wait_park_no_timeout().to_wire_bytes().len(), 64);
}

#[test]
fn kick_origin_wire_encoding_is_frozen() {
    // KICK_ORIGIN_* are private; probe them through the encode path.
    assert_eq!(reserved0_on_wire(&v2_kick_exit(KickOrigin::Asynchronous)), 0);
    assert_eq!(reserved0_on_wire(&v2_kick_exit(KickOrigin::SupervisorCall)), 1);
    assert_eq!(reserved0_on_wire(&v2_kick_exit(KickOrigin::Exception)), 2);
}

#[test]
fn wait_outcome_wire_encoding_is_frozen() {
    // WAIT_OUTCOME_* are private; probe them through the encode path.
    assert_eq!(reserved0_on_wire(&v3_wait_complete_exit(WaitOutcome::Woken)), 0);
    assert_eq!(reserved0_on_wire(&v3_wait_complete_exit(WaitOutcome::TimedOut)), 1);
    assert_eq!(reserved0_on_wire(&v3_wait_complete_exit(WaitOutcome::Interrupted)), 2);
    assert_eq!(reserved0_on_wire(&v3_wait_complete_exit(WaitOutcome::MappingInvalidated)), 3);
}

#[test]
fn wait_operation_wire_encoding_is_frozen() {
    // WAIT_OPERATION_* are private; probe them through the encode path.
    assert_eq!(operation_on_wire(&wait_park_no_timeout()), 1);
    assert_eq!(operation_on_wire(&wait_wake()), 2);
    assert_eq!(operation_on_wire(&wait_requeue()), 3);
    assert_eq!(operation_on_wire(&wait_interrupt()), 4);
}

// ======================================================================
// Fuzz-corpus digest (32,768 frozen cases). Recomputed by this crate and
// asserted equal, so any seed / constant / decode-behavior drift fails.
// ======================================================================

const GOLDEN_FUZZ_CORPUS_DIGEST: u64 = 0x9ad231ae3840a039;

#[test]
fn fuzz_corpus_digest_is_reproducible() {
    // Re-runs the exact 16384x2 frozen corpus through this crate's API and
    // asserts the FNV-1a digest matches the value captured from the old crate.
    assert_eq!(compute_fuzz_corpus_digest(), GOLDEN_FUZZ_CORPUS_DIGEST);
}
